NAME	GS<br> follow link to MSigDB	GS DETAILS	SIZE	ES	NES	NOM p-val	FDR q-val	FWER p-val	RANK AT MAX	LEADING EDGE	
REACTOME_FGFR2_MUTANT_RECEPTOR_ACTIVATION	REACTOME_FGFR2_MUTANT_RECEPTOR_ACTIVATION	Details ...	27	0.66150653	2.1741493	0.0	0.0074032717	0.006	2714	tags=33%, list=14%, signal=39%	
REACTOME_STRIATED_MUSCLE_CONTRACTION	REACTOME_STRIATED_MUSCLE_CONTRACTION	Details ...	35	0.61060405	2.111651	0.0	0.010534598	0.017	3407	tags=57%, list=18%, signal=69%	
REACTOME_PHOSPHOLIPASE_C_MEDIATED_CASCADE_FGFR2	REACTOME_PHOSPHOLIPASE_C_MEDIATED_CASCADE_FGFR2	Details ...	12	0.79134524	2.0715034	0.0	0.014470763	0.035	2714	tags=67%, list=14%, signal=78%	
REACTOME_PI_3K_CASCADE_FGFR2	REACTOME_PI_3K_CASCADE_FGFR2	Details ...	17	0.7118377	2.0433404	0.0	0.017227242	0.055	2714	tags=47%, list=14%, signal=55%	
REACTOME_SUMOYLATION_OF_TRANSCRIPTION_FACTORS	REACTOME_SUMOYLATION_OF_TRANSCRIPTION_FACTORS	Details ...	20	0.65627307	2.005319	0.0	0.02599869	0.097	1625	tags=30%, list=8%, signal=33%	
REACTOME_FGFR1_LIGAND_BINDING_AND_ACTIVATION	REACTOME_FGFR1_LIGAND_BINDING_AND_ACTIVATION	Details ...	10	0.7837733	1.9500569	0.0031746032	0.046991594	0.202	2714	tags=70%, list=14%, signal=81%	
REACTOME_PI_3K_CASCADE_FGFR1	REACTOME_PI_3K_CASCADE_FGFR1	Details ...	15	0.6783655	1.9258347	0.0	0.05407801	0.26	2714	tags=47%, list=14%, signal=54%	
REACTOME_FRS_MEDIATED_FGFR2_SIGNALING	REACTOME_FRS_MEDIATED_FGFR2_SIGNALING	Details ...	19	0.6213452	1.9080093	0.004347826	0.060435634	0.322	2753	tags=47%, list=14%, signal=55%	
REACTOME_FGFR2C_LIGAND_BINDING_AND_ACTIVATION	REACTOME_FGFR2C_LIGAND_BINDING_AND_ACTIVATION	Details ...	8	0.81802934	1.9057251	0.0	0.054388512	0.326	2714	tags=63%, list=14%, signal=73%	
REACTOME_NEGATIVE_REGULATION_OF_FGFR2_SIGNALING	REACTOME_NEGATIVE_REGULATION_OF_FGFR2_SIGNALING	Details ...	28	0.5672758	1.8633995	0.0	0.08215109	0.49	2714	tags=29%, list=14%, signal=33%	
REACTOME_MUSCLE_CONTRACTION	REACTOME_MUSCLE_CONTRACTION	Details ...	190	0.36753437	1.8444275	0.0	0.09385857	0.569	3935	tags=40%, list=20%, signal=50%	
REACTOME_LGI_ADAM_INTERACTIONS	REACTOME_LGI_ADAM_INTERACTIONS	Details ...	12	0.69871515	1.8162377	0.010380623	0.11681921	0.688	2131	tags=67%, list=11%, signal=75%	
REACTOME_DOWNSTREAM_SIGNALING_OF_ACTIVATED_FGFR1	REACTOME_DOWNSTREAM_SIGNALING_OF_ACTIVATED_FGFR1	Details ...	25	0.5612218	1.8098906	0.006060606	0.11435006	0.711	5441	tags=68%, list=28%, signal=95%	
REACTOME_HEME_SIGNALING	REACTOME_HEME_SIGNALING	Details ...	47	0.48928624	1.8089705	0.0	0.10714453	0.711	1305	tags=11%, list=7%, signal=11%	
REACTOME_NEGATIVE_REGULATION_OF_ACTIVITY_OF_TFAP2_AP_2_FAMILY_TRANSCRIPTION_FACTORS	REACTOME_NEGATIVE_REGULATION_OF_ACTIVITY_OF_TFAP2_AP_2_FAMILY_TRANSCRIPTION_FACTORS	Details ...	9	0.75691676	1.7858373	0.006666667	0.13070323	0.794	3429	tags=67%, list=18%, signal=81%	
REACTOME_ATTENUATION_PHASE	REACTOME_ATTENUATION_PHASE	Details ...	25	0.5624492	1.7826313	0.00591716	0.12733665	0.803	4354	tags=48%, list=23%, signal=62%	
REACTOME_FGFRL1_MODULATION_OF_FGFR1_SIGNALING	REACTOME_FGFRL1_MODULATION_OF_FGFR1_SIGNALING	Details ...	9	0.7607633	1.767357	0.0031152647	0.13919635	0.84	1619	tags=56%, list=8%, signal=61%	
REACTOME_FGFR1C_LIGAND_BINDING_AND_ACTIVATION	REACTOME_FGFR1C_LIGAND_BINDING_AND_ACTIVATION	Details ...	7	0.80403554	1.7522123	0.0056338026	0.1549456	0.886	2714	tags=71%, list=14%, signal=83%	
REACTOME_DOWNSTREAM_SIGNALING_OF_ACTIVATED_FGFR2	REACTOME_DOWNSTREAM_SIGNALING_OF_ACTIVATED_FGFR2	Details ...	24	0.5548576	1.7438239	0.005524862	0.15800583	0.905	2753	tags=38%, list=14%, signal=44%	
REACTOME_INTERACTION_BETWEEN_L1_AND_ANKYRINS	REACTOME_INTERACTION_BETWEEN_L1_AND_ANKYRINS	Details ...	29	0.53020126	1.7396517	0.006535948	0.15680331	0.916	5122	tags=62%, list=27%, signal=84%	
REACTOME_INTERLEUKIN_6_FAMILY_SIGNALING	REACTOME_INTERLEUKIN_6_FAMILY_SIGNALING		23	0.55199945	1.7372777	0.014285714	0.15332414	0.921	1139	tags=22%, list=6%, signal=23%	
REACTOME_SIGNALING_BY_FGFR2_IN_DISEASE	REACTOME_SIGNALING_BY_FGFR2_IN_DISEASE		37	0.48547268	1.7264782	0.0	0.16318333	0.941	2714	tags=24%, list=14%, signal=28%	
REACTOME_FRS_MEDIATED_FGFR1_SIGNALING	REACTOME_FRS_MEDIATED_FGFR1_SIGNALING		17	0.5906085	1.7019088	0.00896861	0.19909035	0.974	2753	tags=47%, list=14%, signal=55%	
REACTOME_CGMP_EFFECTS	REACTOME_CGMP_EFFECTS		16	0.57844865	1.6914136	0.032863848	0.21246624	0.981	5671	tags=63%, list=29%, signal=88%	
REACTOME_HSF1_DEPENDENT_TRANSACTIVATION	REACTOME_HSF1_DEPENDENT_TRANSACTIVATION		35	0.4927695	1.6885176	0.007751938	0.2096032	0.984	4354	tags=37%, list=23%, signal=48%	
REACTOME_ACTIVATION_OF_THE_TFAP2_AP_2_FAMILY_OF_TRANSCRIPTION_FACTORS	REACTOME_ACTIVATION_OF_THE_TFAP2_AP_2_FAMILY_OF_TRANSCRIPTION_FACTORS		11	0.67793	1.685953	0.006535948	0.20620804	0.985	3531	tags=55%, list=18%, signal=67%	
REACTOME_CRMPS_IN_SEMA3A_SIGNALING	REACTOME_CRMPS_IN_SEMA3A_SIGNALING		16	0.5827839	1.6844689	0.008230452	0.20086941	0.987	4550	tags=69%, list=24%, signal=90%	
REACTOME_PHASE_1_INACTIVATION_OF_FAST_NA_CHANNELS	REACTOME_PHASE_1_INACTIVATION_OF_FAST_NA_CHANNELS		7	0.77549106	1.6787759	0.008547009	0.204916	0.99	3587	tags=57%, list=19%, signal=70%	
REACTOME_RUNX2_REGULATES_GENES_INVOLVED_IN_CELL_MIGRATION	REACTOME_RUNX2_REGULATES_GENES_INVOLVED_IN_CELL_MIGRATION		7	0.7691131	1.6715589	0.0028490028	0.21135536	0.994	2031	tags=43%, list=11%, signal=48%	
REACTOME_DEFECTIVE_ST3GAL3_CAUSES_MCT12_AND_EIEE15	REACTOME_DEFECTIVE_ST3GAL3_CAUSES_MCT12_AND_EIEE15		8	0.7305969	1.670807	0.012383901	0.2051663	0.995	2697	tags=63%, list=14%, signal=73%	
REACTOME_FGFR1B_LIGAND_BINDING_AND_ACTIVATION	REACTOME_FGFR1B_LIGAND_BINDING_AND_ACTIVATION		5	0.8445453	1.6704847	0.010752688	0.19910821	0.995	1848	tags=80%, list=10%, signal=88%	
REACTOME_NEGATIVE_REGULATION_OF_FGFR1_SIGNALING	REACTOME_NEGATIVE_REGULATION_OF_FGFR1_SIGNALING		27	0.52827173	1.6678833	0.012345679	0.19759318	0.995	2714	tags=26%, list=14%, signal=30%	
REACTOME_INSULIN_PROCESSING	REACTOME_INSULIN_PROCESSING		25	0.5336389	1.6504306	0.024096385	0.22375391	1.0	4698	tags=44%, list=24%, signal=58%	
REACTOME_VASOPRESSIN_LIKE_RECEPTORS	REACTOME_VASOPRESSIN_LIKE_RECEPTORS		5	0.844455	1.6500827	0.004784689	0.21775171	1.0	1972	tags=80%, list=10%, signal=89%	
REACTOME_HSF1_ACTIVATION	REACTOME_HSF1_ACTIVATION		28	0.51741546	1.6485386	0.01898734	0.2146564	1.0	4354	tags=43%, list=23%, signal=55%	
REACTOME_SHC_MEDIATED_CASCADE_FGFR1	REACTOME_SHC_MEDIATED_CASCADE_FGFR1		15	0.60414624	1.6368898	0.021276595	0.22991253	1.0	2714	tags=47%, list=14%, signal=54%	
REACTOME_GLUTAMATE_NEUROTRANSMITTER_RELEASE_CYCLE	REACTOME_GLUTAMATE_NEUROTRANSMITTER_RELEASE_CYCLE		22	0.5127998	1.6344129	0.027777778	0.22829889	1.0	3237	tags=45%, list=17%, signal=55%	
REACTOME_YAP1_AND_WWTR1_TAZ_STIMULATED_GENE_EXPRESSION	REACTOME_YAP1_AND_WWTR1_TAZ_STIMULATED_GENE_EXPRESSION		14	0.58764917	1.6152854	0.019011406	0.25966078	1.0	5239	tags=57%, list=27%, signal=78%	
REACTOME_VEGF_LIGAND_RECEPTOR_INTERACTIONS	REACTOME_VEGF_LIGAND_RECEPTOR_INTERACTIONS		8	0.68079585	1.6037725	0.03508772	0.27805117	1.0	3271	tags=50%, list=17%, signal=60%	
REACTOME_FGFR1_MUTANT_RECEPTOR_ACTIVATION	REACTOME_FGFR1_MUTANT_RECEPTOR_ACTIVATION		26	0.49166518	1.5972131	0.027972028	0.2859499	1.0	5191	tags=38%, list=27%, signal=53%	
REACTOME_IONOTROPIC_ACTIVITY_OF_KAINATE_RECEPTORS	REACTOME_IONOTROPIC_ACTIVITY_OF_KAINATE_RECEPTORS		10	0.653232	1.588502	0.05685619	0.2982896	1.0	2949	tags=50%, list=15%, signal=59%	
REACTOME_PHASE_0_RAPID_DEPOLARISATION	REACTOME_PHASE_0_RAPID_DEPOLARISATION		29	0.48142785	1.5874367	0.030487806	0.29348508	1.0	4254	tags=48%, list=22%, signal=62%	
REACTOME_NOTCH_HLH_TRANSCRIPTION_PATHWAY	REACTOME_NOTCH_HLH_TRANSCRIPTION_PATHWAY		28	0.49709204	1.5824424	0.031446543	0.29855427	1.0	6152	tags=54%, list=32%, signal=79%	
REACTOME_NEUROFASCIN_INTERACTIONS	REACTOME_NEUROFASCIN_INTERACTIONS		7	0.6972077	1.5761819	0.04519774	0.30500087	1.0	4307	tags=71%, list=22%, signal=92%	
REACTOME_ACTIVATION_OF_TRKA_RECEPTORS	REACTOME_ACTIVATION_OF_TRKA_RECEPTORS		6	0.742863	1.5733432	0.03038674	0.30377182	1.0	4968	tags=100%, list=26%, signal=135%	
REACTOME_NEUROTOXICITY_OF_CLOSTRIDIUM_TOXINS	REACTOME_NEUROTOXICITY_OF_CLOSTRIDIUM_TOXINS		10	0.64244795	1.5626493	0.03076923	0.32136625	1.0	5641	tags=80%, list=29%, signal=113%	
REACTOME_RESPONSE_OF_EIF2AK1_HRI_TO_HEME_DEFICIENCY	REACTOME_RESPONSE_OF_EIF2AK1_HRI_TO_HEME_DEFICIENCY		15	0.5474107	1.5591539	0.049382716	0.32295108	1.0	4104	tags=53%, list=21%, signal=68%	
REACTOME_AMINE_LIGAND_BINDING_RECEPTORS	REACTOME_AMINE_LIGAND_BINDING_RECEPTORS		28	0.4806057	1.5387567	0.014814815	0.36444598	1.0	2402	tags=43%, list=12%, signal=49%	
REACTOME_ADRENOCEPTORS	REACTOME_ADRENOCEPTORS		9	0.65442234	1.5359317	0.056962024	0.36475468	1.0	2257	tags=44%, list=12%, signal=50%	
REACTOME_DERMATAN_SULFATE_BIOSYNTHESIS	REACTOME_DERMATAN_SULFATE_BIOSYNTHESIS		11	0.5932862	1.5313063	0.04152249	0.36947656	1.0	5895	tags=73%, list=31%, signal=105%	
REACTOME_SIGNALING_BY_FGFR1	REACTOME_SIGNALING_BY_FGFR1		44	0.4207389	1.5283319	0.030612245	0.3696346	1.0	6111	tags=52%, list=32%, signal=76%	
REACTOME_MAPK1_ERK2_ACTIVATION	REACTOME_MAPK1_ERK2_ACTIVATION		9	0.64198947	1.5194484	0.04375	0.3860884	1.0	191	tags=11%, list=1%, signal=11%	
REACTOME_PIWI_INTERACTING_RNA_PIRNA_BIOGENESIS	REACTOME_PIWI_INTERACTING_RNA_PIRNA_BIOGENESIS		27	0.47274977	1.5161756	0.0375	0.38608137	1.0	1778	tags=22%, list=9%, signal=24%	
REACTOME_PHYSIOLOGICAL_FACTORS	REACTOME_PHYSIOLOGICAL_FACTORS		13	0.58135456	1.5150218	0.0528169	0.3819589	1.0	3762	tags=62%, list=19%, signal=76%	
REACTOME_CARDIAC_CONDUCTION	REACTOME_CARDIAC_CONDUCTION		120	0.34068754	1.5092065	0.0	0.3905369	1.0	3884	tags=40%, list=20%, signal=50%	
REACTOME_SIGNALING_BY_LEPTIN	REACTOME_SIGNALING_BY_LEPTIN		11	0.58698344	1.5085666	0.06081081	0.38521343	1.0	5191	tags=55%, list=27%, signal=75%	
REACTOME_IL_6_TYPE_CYTOKINE_RECEPTOR_LIGAND_INTERACTIONS	REACTOME_IL_6_TYPE_CYTOKINE_RECEPTOR_LIGAND_INTERACTIONS		16	0.53091276	1.4923966	0.07751938	0.42319715	1.0	1139	tags=25%, list=6%, signal=27%	
REACTOME_THE_RETINOID_CYCLE_IN_CONES_DAYLIGHT_VISION	REACTOME_THE_RETINOID_CYCLE_IN_CONES_DAYLIGHT_VISION		3	0.8837954	1.4921838	0.033653848	0.41641575	1.0	2197	tags=67%, list=11%, signal=75%	
REACTOME_PI3K_AKT_ACTIVATION	REACTOME_PI3K_AKT_ACTIVATION		9	0.61425406	1.4895141	0.08305648	0.41662422	1.0	4879	tags=56%, list=25%, signal=74%	
REACTOME_DEFECTIVE_B4GALT1_CAUSES_B4GALT1_CDG_CDG_2D	REACTOME_DEFECTIVE_B4GALT1_CAUSES_B4GALT1_CDG_CDG_2D		8	0.6393289	1.4893802	0.083333336	0.41005227	1.0	2697	tags=50%, list=14%, signal=58%	
REACTOME_DEFECTIVE_FACTOR_VIII_CAUSES_HEMOPHILIA_A	REACTOME_DEFECTIVE_FACTOR_VIII_CAUSES_HEMOPHILIA_A		7	0.6849564	1.4822403	0.06318682	0.42218652	1.0	4792	tags=86%, list=25%, signal=114%	
REACTOME_KERATAN_SULFATE_DEGRADATION	REACTOME_KERATAN_SULFATE_DEGRADATION		13	0.54713637	1.4802777	0.07392996	0.42016435	1.0	968	tags=23%, list=5%, signal=24%	
REACTOME_CALCITONIN_LIKE_LIGAND_RECEPTORS	REACTOME_CALCITONIN_LIKE_LIGAND_RECEPTORS		8	0.65178037	1.4793491	0.053291537	0.41617042	1.0	2127	tags=63%, list=11%, signal=70%	
REACTOME_NRCAM_INTERACTIONS	REACTOME_NRCAM_INTERACTIONS		7	0.66102713	1.4675246	0.088495575	0.44184828	1.0	2491	tags=57%, list=13%, signal=66%	
REACTOME_REGULATION_OF_NPAS4_MRNA_TRANSLATION	REACTOME_REGULATION_OF_NPAS4_MRNA_TRANSLATION		9	0.6066312	1.4668432	0.105919	0.43674266	1.0	6912	tags=78%, list=36%, signal=121%	
REACTOME_FGFR2_LIGAND_BINDING_AND_ACTIVATION	REACTOME_FGFR2_LIGAND_BINDING_AND_ACTIVATION		14	0.5326648	1.4652922	0.068	0.4343592	1.0	2714	tags=64%, list=14%, signal=75%	
REACTOME_INTERLEUKIN_6_SIGNALING	REACTOME_INTERLEUKIN_6_SIGNALING		11	0.56574494	1.4639603	0.080139376	0.4307916	1.0	191	tags=9%, list=1%, signal=9%	
REACTOME_NGF_INDEPENDANT_TRKA_ACTIVATION	REACTOME_NGF_INDEPENDANT_TRKA_ACTIVATION		5	0.7428246	1.4610883	0.08042896	0.43103728	1.0	4968	tags=100%, list=26%, signal=135%	
REACTOME_IRS_ACTIVATION	REACTOME_IRS_ACTIVATION		5	0.7474355	1.4607166	0.08222812	0.4258045	1.0	4879	tags=100%, list=25%, signal=134%	
REACTOME_DEFECTIVE_CHST6_CAUSES_MCDC1	REACTOME_DEFECTIVE_CHST6_CAUSES_MCDC1		8	0.6528479	1.4578978	0.09148265	0.42728627	1.0	2697	tags=50%, list=14%, signal=58%	
REACTOME_INHIBITION_OF_DNA_RECOMBINATION_AT_TELOMERE	REACTOME_INHIBITION_OF_DNA_RECOMBINATION_AT_TELOMERE		48	0.3909845	1.4526535	0.012987013	0.43435788	1.0	3236	tags=25%, list=17%, signal=30%	
REACTOME_SIGNALLING_TO_P38_VIA_RIT_AND_RIN	REACTOME_SIGNALLING_TO_P38_VIA_RIT_AND_RIN		4	0.79448825	1.4488177	0.0631068	0.43851876	1.0	959	tags=50%, list=5%, signal=53%	
REACTOME_N_GLYCAN_TRIMMING_AND_ELONGATION_IN_THE_CIS_GOLGI	REACTOME_N_GLYCAN_TRIMMING_AND_ELONGATION_IN_THE_CIS_GOLGI		5	0.72481847	1.4429468	0.12128713	0.44777018	1.0	2250	tags=20%, list=12%, signal=23%	
REACTOME_REGULATION_OF_NPAS4_GENE_EXPRESSION	REACTOME_REGULATION_OF_NPAS4_GENE_EXPRESSION		13	0.5368901	1.4423984	0.086792454	0.44304028	1.0	6912	tags=69%, list=36%, signal=108%	
REACTOME_SIGNAL_ATTENUATION	REACTOME_SIGNAL_ATTENUATION		10	0.5872868	1.4390106	0.0790378	0.44593015	1.0	5441	tags=60%, list=28%, signal=84%	
REACTOME_REMOVAL_OF_AMINOTERMINAL_PROPEPTIDES_FROM_GAMMA_CARBOXYLATED_PROTEINS	REACTOME_REMOVAL_OF_AMINOTERMINAL_PROPEPTIDES_FROM_GAMMA_CARBOXYLATED_PROTEINS		10	0.58154285	1.433992	0.08278146	0.45223415	1.0	3022	tags=60%, list=16%, signal=71%	
REACTOME_COLLAGEN_BIOSYNTHESIS_AND_MODIFYING_ENZYMES	REACTOME_COLLAGEN_BIOSYNTHESIS_AND_MODIFYING_ENZYMES		65	0.36205342	1.4320898	0.0	0.45159715	1.0	4355	tags=49%, list=23%, signal=63%	
REACTOME_HIGHLY_SODIUM_PERMEABLE_POSTSYNAPTIC_ACETYLCHOLINE_NICOTINIC_RECEPTORS	REACTOME_HIGHLY_SODIUM_PERMEABLE_POSTSYNAPTIC_ACETYLCHOLINE_NICOTINIC_RECEPTORS		5	0.7030372	1.4240192	0.09625668	0.46652603	1.0	4020	tags=60%, list=21%, signal=76%	
REACTOME_RETINOID_CYCLE_DISEASE_EVENTS	REACTOME_RETINOID_CYCLE_DISEASE_EVENTS		10	0.57174224	1.422862	0.12341772	0.46351004	1.0	1437	tags=30%, list=7%, signal=32%	
REACTOME_SIGNALING_BY_FGFR2_IIIA_TM	REACTOME_SIGNALING_BY_FGFR2_IIIA_TM		19	0.4869791	1.4212643	0.057416268	0.46166158	1.0	1848	tags=16%, list=10%, signal=17%	
REACTOME_SEROTONIN_NEUROTRANSMITTER_RELEASE_CYCLE	REACTOME_SEROTONIN_NEUROTRANSMITTER_RELEASE_CYCLE		18	0.48621297	1.415705	0.074074075	0.4700931	1.0	3237	tags=44%, list=17%, signal=53%	
REACTOME_SUPPRESSION_OF_APOPTOSIS	REACTOME_SUPPRESSION_OF_APOPTOSIS		7	0.62851715	1.4147267	0.11452514	0.4668969	1.0	460	tags=14%, list=2%, signal=15%	
REACTOME_GAMMA_CARBOXYLATION_TRANSPORT_AND_AMINO_TERMINAL_CLEAVAGE_OF_PROTEINS	REACTOME_GAMMA_CARBOXYLATION_TRANSPORT_AND_AMINO_TERMINAL_CLEAVAGE_OF_PROTEINS		11	0.5601395	1.4045035	0.13265306	0.48894042	1.0	3022	tags=55%, list=16%, signal=65%	
REACTOME_ACTIVATION_OF_MATRIX_METALLOPROTEINASES	REACTOME_ACTIVATION_OF_MATRIX_METALLOPROTEINASES		32	0.41101232	1.395146	0.05263158	0.5072817	1.0	2704	tags=44%, list=14%, signal=51%	
REACTOME_DOPAMINE_NEUROTRANSMITTER_RELEASE_CYCLE	REACTOME_DOPAMINE_NEUROTRANSMITTER_RELEASE_CYCLE		23	0.4420024	1.3822956	0.08163265	0.5362984	1.0	3237	tags=39%, list=17%, signal=47%	
REACTOME_NITRIC_OXIDE_STIMULATES_GUANYLATE_CYCLASE	REACTOME_NITRIC_OXIDE_STIMULATES_GUANYLATE_CYCLASE		22	0.45824975	1.3820529	0.10555556	0.5307341	1.0	3865	tags=50%, list=20%, signal=62%	
REACTOME_RESPONSE_OF_EIF2AK4_GCN2_TO_AMINO_ACID_DEFICIENCY	REACTOME_RESPONSE_OF_EIF2AK4_GCN2_TO_AMINO_ACID_DEFICIENCY		101	0.32551852	1.3765914	0.0	0.5383499	1.0	7753	tags=81%, list=40%, signal=135%	
REACTOME_REGULATION_OF_PTEN_MRNA_TRANSLATION	REACTOME_REGULATION_OF_PTEN_MRNA_TRANSLATION		9	0.5955973	1.3722515	0.15614618	0.5443152	1.0	6912	tags=78%, list=36%, signal=121%	
REACTOME_EUKARYOTIC_TRANSLATION_ELONGATION	REACTOME_EUKARYOTIC_TRANSLATION_ELONGATION		93	0.33111417	1.368704	0.0	0.54841185	1.0	7753	tags=84%, list=40%, signal=139%	
REACTOME_ARMS_MEDIATED_ACTIVATION	REACTOME_ARMS_MEDIATED_ACTIVATION		7	0.6269387	1.3671287	0.15451895	0.5465329	1.0	4368	tags=57%, list=23%, signal=74%	
REACTOME_SIGNALING_BY_FGFR1_IN_DISEASE	REACTOME_SIGNALING_BY_FGFR1_IN_DISEASE		33	0.40128437	1.3612323	0.05925926	0.55718416	1.0	5441	tags=42%, list=28%, signal=59%	
REACTOME_DEFECTIVE_CHST3_CAUSES_SEDCJD	REACTOME_DEFECTIVE_CHST3_CAUSES_SEDCJD		8	0.59104234	1.3501184	0.13664596	0.5818261	1.0	2214	tags=38%, list=11%, signal=42%	
REACTOME_PROTEIN_PROTEIN_INTERACTIONS_AT_SYNAPSES	REACTOME_PROTEIN_PROTEIN_INTERACTIONS_AT_SYNAPSES		82	0.3255307	1.3486001	0.023255814	0.5799291	1.0	4604	tags=39%, list=24%, signal=51%	
REACTOME_THE_CANONICAL_RETINOID_CYCLE_IN_RODS_TWILIGHT_VISION	REACTOME_THE_CANONICAL_RETINOID_CYCLE_IN_RODS_TWILIGHT_VISION		18	0.4521946	1.3356321	0.1262136	0.6108363	1.0	2110	tags=39%, list=11%, signal=44%	
REACTOME_CROSSLINKING_OF_COLLAGEN_FIBRILS	REACTOME_CROSSLINKING_OF_COLLAGEN_FIBRILS		18	0.46533522	1.3327354	0.11790393	0.61309224	1.0	5956	tags=67%, list=31%, signal=96%	
REACTOME_ACETYLCHOLINE_NEUROTRANSMITTER_RELEASE_CYCLE	REACTOME_ACETYLCHOLINE_NEUROTRANSMITTER_RELEASE_CYCLE		17	0.44513756	1.3296962	0.10798122	0.6166548	1.0	3237	tags=47%, list=17%, signal=56%	
REACTOME_TOXICITY_OF_BOTULINUM_TOXIN_TYPE_D_BOTD	REACTOME_TOXICITY_OF_BOTULINUM_TOXIN_TYPE_D_BOTD		5	0.67721975	1.3265084	0.16581632	0.61951584	1.0	3243	tags=60%, list=17%, signal=72%	
REACTOME_TFAP2_AP_2_FAMILY_REGULATES_TRANSCRIPTION_OF_CELL_CYCLE_FACTORS	REACTOME_TFAP2_AP_2_FAMILY_REGULATES_TRANSCRIPTION_OF_CELL_CYCLE_FACTORS		5	0.6518646	1.3239874	0.18457301	0.62018526	1.0	556	tags=40%, list=3%, signal=41%	
REACTOME_LOSS_OF_MECP2_BINDING_ABILITY_TO_THE_NCOR_SMRT_COMPLEX	REACTOME_LOSS_OF_MECP2_BINDING_ABILITY_TO_THE_NCOR_SMRT_COMPLEX		7	0.6043368	1.3068441	0.19287834	0.662209	1.0	6627	tags=71%, list=34%, signal=109%	
REACTOME_ELASTIC_FIBRE_FORMATION	REACTOME_ELASTIC_FIBRE_FORMATION		43	0.35509673	1.2963421	0.078431375	0.68713766	1.0	4922	tags=63%, list=25%, signal=84%	
REACTOME_GABA_RECEPTOR_ACTIVATION	REACTOME_GABA_RECEPTOR_ACTIVATION		50	0.33995435	1.2881404	0.088607594	0.7049131	1.0	2287	tags=28%, list=12%, signal=32%	
REACTOME_DEFECTIVE_CHST14_CAUSES_EDS_MUSCULOCONTRACTURAL_TYPE	REACTOME_DEFECTIVE_CHST14_CAUSES_EDS_MUSCULOCONTRACTURAL_TYPE		8	0.56936073	1.2848935	0.197411	0.7080501	1.0	7142	tags=88%, list=37%, signal=139%	
REACTOME_PROCESSING_AND_ACTIVATION_OF_SUMO	REACTOME_PROCESSING_AND_ACTIVATION_OF_SUMO		10	0.53021306	1.2842689	0.18088737	0.7033293	1.0	8706	tags=80%, list=45%, signal=146%	
REACTOME_REGULATION_OF_COMMISSURAL_AXON_PATHFINDING_BY_SLIT_AND_ROBO	REACTOME_REGULATION_OF_COMMISSURAL_AXON_PATHFINDING_BY_SLIT_AND_ROBO		10	0.5209167	1.2766106	0.19937694	0.7196568	1.0	2228	tags=40%, list=12%, signal=45%	
REACTOME_ARYL_HYDROCARBON_RECEPTOR_SIGNALLING	REACTOME_ARYL_HYDROCARBON_RECEPTOR_SIGNALLING		6	0.6178436	1.2755975	0.21351351	0.7160925	1.0	7381	tags=100%, list=38%, signal=162%	
REACTOME_POST_TRANSCRIPTIONAL_SILENCING_BY_SMALL_RNAS	REACTOME_POST_TRANSCRIPTIONAL_SILENCING_BY_SMALL_RNAS		7	0.5775235	1.2705005	0.20348836	0.72563386	1.0	6912	tags=71%, list=36%, signal=111%	
REACTOME_ERYTHROCYTES_TAKE_UP_CARBON_DIOXIDE_AND_RELEASE_OXYGEN	REACTOME_ERYTHROCYTES_TAKE_UP_CARBON_DIOXIDE_AND_RELEASE_OXYGEN		13	0.4927206	1.2700293	0.17898832	0.7203278	1.0	484	tags=38%, list=3%, signal=39%	
REACTOME_PI_3K_CASCADE_FGFR3	REACTOME_PI_3K_CASCADE_FGFR3		14	0.46975648	1.2676768	0.16205534	0.721221	1.0	2714	tags=36%, list=14%, signal=42%	
REACTOME_PROLONGED_ERK_ACTIVATION_EVENTS	REACTOME_PROLONGED_ERK_ACTIVATION_EVENTS		14	0.4516301	1.2660556	0.18410042	0.71950126	1.0	4368	tags=29%, list=23%, signal=37%	
REACTOME_REGULATION_OF_NPAS4_GENE_TRANSCRIPTION	REACTOME_REGULATION_OF_NPAS4_GENE_TRANSCRIPTION		5	0.6290141	1.257715	0.2512563	0.73898304	1.0	4427	tags=60%, list=23%, signal=78%	
REACTOME_SEROTONIN_RECEPTORS	REACTOME_SEROTONIN_RECEPTORS		7	0.5791316	1.256521	0.19884726	0.7357945	1.0	1406	tags=57%, list=7%, signal=62%	
REACTOME_NEUREXINS_AND_NEUROLIGINS	REACTOME_NEUREXINS_AND_NEUROLIGINS		53	0.33673882	1.25605	0.07954545	0.73073417	1.0	5644	tags=49%, list=29%, signal=69%	
REACTOME_EUKARYOTIC_TRANSLATION_INITIATION	REACTOME_EUKARYOTIC_TRANSLATION_INITIATION		119	0.2810785	1.254972	0.0	0.7274103	1.0	7753	tags=72%, list=40%, signal=120%	
REACTOME_DOWNREGULATION_OF_ERBB4_SIGNALING	REACTOME_DOWNREGULATION_OF_ERBB4_SIGNALING		9	0.5231827	1.2492632	0.2155477	0.73860353	1.0	6111	tags=56%, list=32%, signal=81%	
REACTOME_MEIOTIC_SYNAPSIS	REACTOME_MEIOTIC_SYNAPSIS		53	0.32506248	1.2491595	0.13541667	0.73245823	1.0	3236	tags=26%, list=17%, signal=32%	
SYNTHESIS OF CREATINE FROM ARGININE	SYNTHESIS OF CREATINE FROM ARGININE		2	0.8309246	1.2488904	0.2037422	0.7269903	1.0	3265	tags=100%, list=17%, signal=120%	
REACTOME_LOSS_OF_FUNCTION_OF_SMAD2_3_IN_CANCER	REACTOME_LOSS_OF_FUNCTION_OF_SMAD2_3_IN_CANCER		7	0.5828497	1.2417846	0.26436782	0.7421018	1.0	8057	tags=100%, list=42%, signal=172%	
REACTOME_ACTIVATION_OF_C3_AND_C5	REACTOME_ACTIVATION_OF_C3_AND_C5		7	0.57523763	1.2404153	0.24188791	0.7398246	1.0	3252	tags=71%, list=17%, signal=86%	
REACTOME_REGULATION_OF_CYTOSKELETAL_REMODELING_AND_CELL_SPREADING_BY_IPP_COMPLEX_COMPONENTS	REACTOME_REGULATION_OF_CYTOSKELETAL_REMODELING_AND_CELL_SPREADING_BY_IPP_COMPLEX_COMPONENTS		8	0.53351325	1.2309511	0.24107143	0.7617994	1.0	7559	tags=75%, list=39%, signal=123%	
REACTOME_ACTIVATION_OF_KAINATE_RECEPTORS_UPON_GLUTAMATE_BINDING	REACTOME_ACTIVATION_OF_KAINATE_RECEPTORS_UPON_GLUTAMATE_BINDING		29	0.3627851	1.2279594	0.19512194	0.76414394	1.0	2998	tags=38%, list=16%, signal=45%	
REACTOME_CHL1_INTERACTIONS	REACTOME_CHL1_INTERACTIONS		9	0.51425505	1.2267889	0.24671052	0.7614047	1.0	3330	tags=44%, list=17%, signal=54%	
REACTOME_SARS_COV_1_MODULATES_HOST_TRANSLATION_MACHINERY	REACTOME_SARS_COV_1_MODULATES_HOST_TRANSLATION_MACHINERY		36	0.3480046	1.2235758	0.12903225	0.76498723	1.0	7996	tags=81%, list=41%, signal=137%	
REACTOME_P75NTR_NEGATIVELY_REGULATES_CELL_CYCLE_VIA_SC1	REACTOME_P75NTR_NEGATIVELY_REGULATES_CELL_CYCLE_VIA_SC1		6	0.59237885	1.2217876	0.2562674	0.76402533	1.0	2498	tags=33%, list=13%, signal=38%	
REACTOME_GABA_B_RECEPTOR_ACTIVATION	REACTOME_GABA_B_RECEPTOR_ACTIVATION		39	0.34131774	1.217022	0.16190477	0.77141714	1.0	2287	tags=31%, list=12%, signal=35%	
REACTOME_ZINC_EFFLUX_AND_COMPARTMENTALIZATION_BY_THE_SLC30_FAMILY	REACTOME_ZINC_EFFLUX_AND_COMPARTMENTALIZATION_BY_THE_SLC30_FAMILY		5	0.6097388	1.2144414	0.24630542	0.7732175	1.0	2315	tags=40%, list=12%, signal=45%	
REACTOME_SEMA3A_PAK_DEPENDENT_AXON_REPULSION	REACTOME_SEMA3A_PAK_DEPENDENT_AXON_REPULSION		16	0.43725044	1.20975	0.20779221	0.7814836	1.0	4550	tags=56%, list=24%, signal=74%	
REACTOME_INWARDLY_RECTIFYING_K_CHANNELS	REACTOME_INWARDLY_RECTIFYING_K_CHANNELS		32	0.3472535	1.2089503	0.17094018	0.7779587	1.0	2998	tags=38%, list=16%, signal=44%	
REACTOME_ERYTHROCYTES_TAKE_UP_OXYGEN_AND_RELEASE_CARBON_DIOXIDE	REACTOME_ERYTHROCYTES_TAKE_UP_OXYGEN_AND_RELEASE_CARBON_DIOXIDE		9	0.50304365	1.2079015	0.23376623	0.7750613	1.0	484	tags=56%, list=3%, signal=57%	
REACTOME_ION_HOMEOSTASIS	REACTOME_ION_HOMEOSTASIS		53	0.32548508	1.2043862	0.13333334	0.7792216	1.0	3884	tags=36%, list=20%, signal=45%	
REACTOME_SUMO_IS_TRANSFERRED_FROM_E1_TO_E2_UBE2I_UBC9	REACTOME_SUMO_IS_TRANSFERRED_FROM_E1_TO_E2_UBE2I_UBC9		7	0.542707	1.2038212	0.28484848	0.7750701	1.0	8706	tags=86%, list=45%, signal=156%	
REACTOME_COLLAGEN_FORMATION	REACTOME_COLLAGEN_FORMATION		86	0.2941788	1.2032423	0.09677419	0.77078146	1.0	4355	tags=47%, list=23%, signal=60%	
REACTOME_RUNX2_REGULATES_OSTEOBLAST_DIFFERENTIATION	REACTOME_RUNX2_REGULATES_OSTEOBLAST_DIFFERENTIATION		22	0.38776675	1.1983227	0.2159091	0.779673	1.0	3232	tags=32%, list=17%, signal=38%	
REACTOME_NEUROTRANSMITTER_RELEASE_CYCLE	REACTOME_NEUROTRANSMITTER_RELEASE_CYCLE		45	0.31476286	1.1928349	0.15957446	0.79022354	1.0	3237	tags=31%, list=17%, signal=37%	
REACTOME_DNA_DAMAGE_RECOGNITION_IN_GG_NER	REACTOME_DNA_DAMAGE_RECOGNITION_IN_GG_NER		38	0.328611	1.1853069	0.18348624	0.80721563	1.0	12974	tags=100%, list=67%, signal=304%	
REACTOME_PRESYNAPTIC_DEPOLARIZATION_AND_CALCIUM_CHANNEL_OPENING	REACTOME_PRESYNAPTIC_DEPOLARIZATION_AND_CALCIUM_CHANNEL_OPENING		10	0.49620518	1.1846274	0.2757353	0.8029539	1.0	6586	tags=70%, list=34%, signal=106%	
REACTOME_ACTIVATION_OF_ANTERIOR_HOX_GENES_IN_HINDBRAIN_DEVELOPMENT_DURING_EARLY_EMBRYOGENESIS	REACTOME_ACTIVATION_OF_ANTERIOR_HOX_GENES_IN_HINDBRAIN_DEVELOPMENT_DURING_EARLY_EMBRYOGENESIS		95	0.28384924	1.1810124	0.04761905	0.8076689	1.0	2915	tags=21%, list=15%, signal=25%	
REACTOME_INTRAFLAGELLAR_TRANSPORT	REACTOME_INTRAFLAGELLAR_TRANSPORT		53	0.29879645	1.1775618	0.08219178	0.81168276	1.0	6478	tags=55%, list=34%, signal=82%	
REACTOME_SEMA3A_PLEXIN_REPULSION_SIGNALING_BY_INHIBITING_INTEGRIN_ADHESION	REACTOME_SEMA3A_PLEXIN_REPULSION_SIGNALING_BY_INHIBITING_INTEGRIN_ADHESION		14	0.43097535	1.1771044	0.2535211	0.8071564	1.0	5831	tags=64%, list=30%, signal=92%	
REACTOME_FRS_MEDIATED_FGFR3_SIGNALING	REACTOME_FRS_MEDIATED_FGFR3_SIGNALING		16	0.4164506	1.1758579	0.2521739	0.805283	1.0	2753	tags=38%, list=14%, signal=44%	
REACTOME_MET_ACTIVATES_PTPN11	REACTOME_MET_ACTIVATES_PTPN11		5	0.6002604	1.1730849	0.31428573	0.8072735	1.0	359	tags=20%, list=2%, signal=20%	
REACTOME_DEFECTIVE_CHSY1_CAUSES_TPBS	REACTOME_DEFECTIVE_CHSY1_CAUSES_TPBS		8	0.5182842	1.1700698	0.2740964	0.8099712	1.0	1618	tags=25%, list=8%, signal=27%	
REACTOME_SIGNAL_TRANSDUCTION_BY_L1	REACTOME_SIGNAL_TRANSDUCTION_BY_L1		21	0.38881892	1.1697354	0.23280424	0.80514705	1.0	3947	tags=29%, list=20%, signal=36%	
REACTOME_NEGATIVE_REGULATION_OF_FGFR3_SIGNALING	REACTOME_NEGATIVE_REGULATION_OF_FGFR3_SIGNALING		25	0.36373755	1.1609956	0.27388534	0.8242715	1.0	2714	tags=20%, list=14%, signal=23%	
REACTOME_DNA_DOUBLE_STRAND_BREAK_RESPONSE	REACTOME_DNA_DOUBLE_STRAND_BREAK_RESPONSE		63	0.29063082	1.1607108	0.1632653	0.81909335	1.0	2408	tags=16%, list=12%, signal=18%	
REACTOME_RECOGNITION_AND_ASSOCIATION_OF_DNA_GLYCOSYLASE_WITH_SITE_CONTAINING_AN_AFFECTED_PURINE	REACTOME_RECOGNITION_AND_ASSOCIATION_OF_DNA_GLYCOSYLASE_WITH_SITE_CONTAINING_AN_AFFECTED_PURINE		36	0.3315163	1.158911	0.26229507	0.8186388	1.0	3236	tags=31%, list=17%, signal=37%	
REACTOME_ACTIVATED_NTRK3_SIGNALS_THROUGH_PI3K	REACTOME_ACTIVATED_NTRK3_SIGNALS_THROUGH_PI3K		6	0.57055223	1.154801	0.31491712	0.82437533	1.0	6175	tags=67%, list=32%, signal=98%	
REACTOME_GABA_SYNTHESIS_RELEASE_REUPTAKE_AND_DEGRADATION	REACTOME_GABA_SYNTHESIS_RELEASE_REUPTAKE_AND_DEGRADATION		15	0.41776973	1.1486442	0.24074075	0.8371845	1.0	3179	tags=33%, list=16%, signal=40%	
REACTOME_NTRK2_ACTIVATES_RAC1	REACTOME_NTRK2_ACTIVATES_RAC1		5	0.5724329	1.14829	0.33084577	0.83232844	1.0	4550	tags=60%, list=24%, signal=78%	
REACTOME_DOWNSTREAM_SIGNALING_OF_ACTIVATED_FGFR3	REACTOME_DOWNSTREAM_SIGNALING_OF_ACTIVATED_FGFR3		21	0.3667049	1.1397938	0.26020408	0.8512846	1.0	2753	tags=29%, list=14%, signal=33%	
REACTOME_SIGNALING_BY_FGFR_IN_DISEASE	REACTOME_SIGNALING_BY_FGFR_IN_DISEASE		57	0.29439083	1.13922	0.22972973	0.8471137	1.0	5191	tags=32%, list=27%, signal=43%	
REACTOME_ADENYLATE_CYCLASE_INHIBITORY_PATHWAY	REACTOME_ADENYLATE_CYCLASE_INHIBITORY_PATHWAY		12	0.44790807	1.1388521	0.27372262	0.8426058	1.0	4416	tags=50%, list=23%, signal=65%	
REACTOME_SIGNALING_BY_TYPE_1_INSULIN_LIKE_GROWTH_FACTOR_1_RECEPTOR_IGF1R	REACTOME_SIGNALING_BY_TYPE_1_INSULIN_LIKE_GROWTH_FACTOR_1_RECEPTOR_IGF1R		47	0.30436477	1.1351439	0.20987654	0.8473396	1.0	2714	tags=26%, list=14%, signal=30%	
REACTOME_ATORVASTATIN_ADME	REACTOME_ATORVASTATIN_ADME		7	0.5180561	1.1348861	0.32344213	0.8425512	1.0	1387	tags=29%, list=7%, signal=31%	
REACTOME_SHC_MEDIATED_CASCADE_FGFR3	REACTOME_SHC_MEDIATED_CASCADE_FGFR3		14	0.4148261	1.1218992	0.29885057	0.87528616	1.0	2714	tags=36%, list=14%, signal=42%	
REACTOME_DISEASES_ASSOCIATED_WITH_SURFACTANT_METABOLISM	REACTOME_DISEASES_ASSOCIATED_WITH_SURFACTANT_METABOLISM		10	0.45355335	1.1200745	0.3256579	0.8749679	1.0	2509	tags=50%, list=13%, signal=57%	
REACTOME_APOPTOSIS_INDUCED_DNA_FRAGMENTATION	REACTOME_APOPTOSIS_INDUCED_DNA_FRAGMENTATION		11	0.4488451	1.119695	0.33333334	0.87059385	1.0	63	tags=9%, list=0%, signal=9%	
REACTOME_ATF4_ACTIVATES_GENES_IN_RESPONSE_TO_ENDOPLASMIC_RETICULUM_STRESS	REACTOME_ATF4_ACTIVATES_GENES_IN_RESPONSE_TO_ENDOPLASMIC_RETICULUM_STRESS		27	0.35062426	1.1181315	0.30674848	0.86958796	1.0	3392	tags=26%, list=18%, signal=31%	
REACTOMEMATURATION_OF__SARS_COV_1_NUCLEOPROTEIN	REACTOMEMATURATION_OF__SARS_COV_1_NUCLEOPROTEIN		11	0.44266337	1.1131523	0.3275862	0.87869364	1.0	5816	tags=55%, list=30%, signal=78%	
REACTOME_INSULIN_RECEPTOR_SIGNALLING_CASCADE	REACTOME_INSULIN_RECEPTOR_SIGNALLING_CASCADE		48	0.29391176	1.1126547	0.24	0.87454903	1.0	2714	tags=25%, list=14%, signal=29%	
REACTOME_IRS_MEDIATED_SIGNALLING	REACTOME_IRS_MEDIATED_SIGNALLING		42	0.2989393	1.111357	0.27184466	0.87277573	1.0	2714	tags=26%, list=14%, signal=30%	
REACTOME_NEPHRIN_FAMILY_INTERACTIONS	REACTOME_NEPHRIN_FAMILY_INTERACTIONS		21	0.3633014	1.1099302	0.26288658	0.8712821	1.0	5210	tags=43%, list=27%, signal=59%	
REACTOME_ROLE_OF_SECOND_MESSENGERS_IN_NETRIN_1_SIGNALING	REACTOME_ROLE_OF_SECOND_MESSENGERS_IN_NETRIN_1_SIGNALING		8	0.4852926	1.1099293	0.340694	0.86590385	1.0	1915	tags=38%, list=10%, signal=42%	
REACTOME_AKT_PHOSPHORYLATES_TARGETS_IN_THE_NUCLEUS	REACTOME_AKT_PHOSPHORYLATES_TARGETS_IN_THE_NUCLEUS		10	0.4577752	1.1086383	0.33676976	0.86451495	1.0	6742	tags=60%, list=35%, signal=92%	
REACTOME_TRAFFICKING_OF_MYRISTOYLATED_PROTEINS_TO_THE_CILIUM	REACTOME_TRAFFICKING_OF_MYRISTOYLATED_PROTEINS_TO_THE_CILIUM		5	0.5649679	1.1052586	0.3763158	0.8692519	1.0	2096	tags=40%, list=11%, signal=45%	
REACTOME_SUMO_IS_CONJUGATED_TO_E1_UBA2_SAE1	REACTOME_SUMO_IS_CONJUGATED_TO_E1_UBA2_SAE1		5	0.54916584	1.1018498	0.378866	0.87393165	1.0	8706	tags=100%, list=45%, signal=182%	
REACTOME_COLLAGEN_CHAIN_TRIMERIZATION	REACTOME_COLLAGEN_CHAIN_TRIMERIZATION		42	0.3047943	1.0993471	0.25925925	0.87582874	1.0	4355	tags=45%, list=23%, signal=58%	
REACTOME_TRANSCRIPTIONAL_REGULATION_BY_NPAS4	REACTOME_TRANSCRIPTIONAL_REGULATION_BY_NPAS4		34	0.32624424	1.0993276	0.27826086	0.8706505	1.0	6912	tags=56%, list=36%, signal=87%	
REACTOME_GENE_SILENCING_BY_RNA	REACTOME_GENE_SILENCING_BY_RNA		111	0.25488207	1.098665	0.1764706	0.86759245	1.0	2889	tags=16%, list=15%, signal=19%	
REACTOME_HDACS_DEACETYLATE_HISTONES	REACTOME_HDACS_DEACETYLATE_HISTONES		66	0.27723193	1.095757	0.26530612	0.8703252	1.0	3285	tags=24%, list=17%, signal=29%	
REACTOME_RECEPTOR_TYPE_TYROSINE_PROTEIN_PHOSPHATASES	REACTOME_RECEPTOR_TYPE_TYROSINE_PROTEIN_PHOSPHATASES		19	0.37652454	1.0947145	0.31904763	0.86807716	1.0	4229	tags=47%, list=22%, signal=61%	
REACTOME_CYTOPROTECTION_BY_HMOX1	REACTOME_CYTOPROTECTION_BY_HMOX1		63	0.26744837	1.089913	0.25862068	0.8765586	1.0	9	tags=5%, list=0%, signal=5%	
REACTOME_LONG_TERM_POTENTIATION	REACTOME_LONG_TERM_POTENTIATION		23	0.34744707	1.0896791	0.2816092	0.8720989	1.0	2131	tags=26%, list=11%, signal=29%	
REACTOME_ACETYLCHOLINE_INHIBITS_CONTRACTION_OF_OUTER_HAIR_CELLS	REACTOME_ACETYLCHOLINE_INHIBITS_CONTRACTION_OF_OUTER_HAIR_CELLS		4	0.593243	1.0887412	0.42063493	0.87008715	1.0	7266	tags=75%, list=38%, signal=120%	
REACTOME_NR1H2_NR1H3_REGULATE_GENE_EXPRESSION_TO_LIMIT_CHOLESTEROL_UPTAKE	REACTOME_NR1H2_NR1H3_REGULATE_GENE_EXPRESSION_TO_LIMIT_CHOLESTEROL_UPTAKE		5	0.553725	1.0847751	0.375	0.87657183	1.0	8618	tags=100%, list=45%, signal=181%	
REACTOME_SUMO_IS_PROTEOLYTICALLY_PROCESSED	REACTOME_SUMO_IS_PROTEOLYTICALLY_PROCESSED		6	0.52348006	1.0834225	0.37830687	0.8753741	1.0	8706	tags=83%, list=45%, signal=152%	
REACTOME_MATURATION_OF_PROTEIN_3A	REACTOME_MATURATION_OF_PROTEIN_3A		9	0.45451635	1.0794942	0.3586626	0.88108206	1.0	2914	tags=33%, list=15%, signal=39%	
REACTOME_ADENYLATE_CYCLASE_ACTIVATING_PATHWAY	REACTOME_ADENYLATE_CYCLASE_ACTIVATING_PATHWAY		9	0.4574589	1.0762691	0.3611111	0.885334	1.0	4416	tags=56%, list=23%, signal=72%	
REACTOME_RETROGRADE_NEUROTROPHIN_SIGNALLING	REACTOME_RETROGRADE_NEUROTROPHIN_SIGNALLING		14	0.40239277	1.0759978	0.34765625	0.8810632	1.0	2331	tags=21%, list=12%, signal=24%	
REACTOME_B_WICH_COMPLEX_POSITIVELY_REGULATES_RRNA_EXPRESSION	REACTOME_B_WICH_COMPLEX_POSITIVELY_REGULATES_RRNA_EXPRESSION		65	0.2707031	1.071544	0.29090908	0.88861287	1.0	2889	tags=20%, list=15%, signal=23%	
REACTOME_SIGNALLING_TO_RAS	REACTOME_SIGNALLING_TO_RAS		20	0.36291242	1.0705957	0.33684212	0.8863071	1.0	2834	tags=30%, list=15%, signal=35%	
REACTOME_EXTRINSIC_PATHWAY_OF_FIBRIN_CLOT_FORMATION	REACTOME_EXTRINSIC_PATHWAY_OF_FIBRIN_CLOT_FORMATION		5	0.53944093	1.070162	0.40625	0.882598	1.0	3200	tags=80%, list=17%, signal=96%	
REACTOME_MET_ACTIVATES_PI3K_AKT_SIGNALING	REACTOME_MET_ACTIVATES_PI3K_AKT_SIGNALING		6	0.5216284	1.0660951	0.39295393	0.88901925	1.0	5099	tags=50%, list=26%, signal=68%	
REACTOME_MOLECULES_ASSOCIATED_WITH_ELASTIC_FIBRES	REACTOME_MOLECULES_ASSOCIATED_WITH_ELASTIC_FIBRES		36	0.3114718	1.0652684	0.34108528	0.8866761	1.0	4922	tags=61%, list=25%, signal=82%	
REACTOME_DEFECTS_OF_CONTACT_ACTIVATION_SYSTEM_CAS_AND_KALLIKREIN_KININ_SYSTEM_KKS	REACTOME_DEFECTS_OF_CONTACT_ACTIVATION_SYSTEM_CAS_AND_KALLIKREIN_KININ_SYSTEM_KKS		12	0.41457003	1.0553241	0.3731884	0.90944666	1.0	3844	tags=58%, list=20%, signal=73%	
REACTOME_BMAL1_CLOCK_NPAS2_ACTIVATES_CIRCADIAN_GENE_EXPRESSION	REACTOME_BMAL1_CLOCK_NPAS2_ACTIVATES_CIRCADIAN_GENE_EXPRESSION		27	0.3201437	1.0500317	0.38509318	0.919954	1.0	3488	tags=26%, list=18%, signal=32%	
REACTOME_REGULATION_OF_HSF1_MEDIATED_HEAT_SHOCK_RESPONSE	REACTOME_REGULATION_OF_HSF1_MEDIATED_HEAT_SHOCK_RESPONSE		79	0.2537327	1.0489398	0.25531915	0.91841215	1.0	5287	tags=28%, list=27%, signal=38%	
REACTOME_RECYCLING_OF_EIF2_GDP	REACTOME_RECYCLING_OF_EIF2_GDP		8	0.45235506	1.0425863	0.3993808	0.9315162	1.0	10576	tags=100%, list=55%, signal=221%	
REACTOME_NOTCH4_INTRACELLULAR_DOMAIN_REGULATES_TRANSCRIPTION	REACTOME_NOTCH4_INTRACELLULAR_DOMAIN_REGULATES_TRANSCRIPTION		20	0.32990348	1.0422442	0.36190477	0.9274154	1.0	6461	tags=55%, list=33%, signal=83%	
REACTOME_SIRT1_NEGATIVELY_REGULATES_RRNA_EXPRESSION	REACTOME_SIRT1_NEGATIVELY_REGULATES_RRNA_EXPRESSION		42	0.29788694	1.0422087	0.37864077	0.9225934	1.0	2889	tags=26%, list=15%, signal=31%	
REACTOME_TRANSPORT_OF_ORGANIC_ANIONS	REACTOME_TRANSPORT_OF_ORGANIC_ANIONS		9	0.44065517	1.0421147	0.39849624	0.9180482	1.0	2218	tags=33%, list=11%, signal=38%	
REACTOME_DOPAMINE_RECEPTORS	REACTOME_DOPAMINE_RECEPTORS		4	0.57104534	1.038341	0.4625	0.9235299	1.0	2134	tags=50%, list=11%, signal=56%	
REACTOME_CD163_MEDIATING_AN_ANTI_INFLAMMATORY_RESPONSE	REACTOME_CD163_MEDIATING_AN_ANTI_INFLAMMATORY_RESPONSE		9	0.4386882	1.0365506	0.4169279	0.92386955	1.0	191	tags=11%, list=1%, signal=11%	
REACTOME_SUMOYLATION_OF_DNA_METHYLATION_PROTEINS	REACTOME_SUMOYLATION_OF_DNA_METHYLATION_PROTEINS		16	0.3539096	1.0354934	0.41666666	0.92197293	1.0	6433	tags=38%, list=33%, signal=56%	
REACTOME_PRC2_METHYLATES_HISTONES_AND_DNA	REACTOME_PRC2_METHYLATES_HISTONES_AND_DNA		47	0.26987222	1.0342467	0.35955057	0.92084163	1.0	3223	tags=28%, list=17%, signal=33%	
REACTOME_DEFECTIVE_CSF2RB_CAUSES_SMDP5	REACTOME_DEFECTIVE_CSF2RB_CAUSES_SMDP5		8	0.4434142	1.0326449	0.41914192	0.92037225	1.0	2171	tags=50%, list=11%, signal=56%	
REACTOME_DNA_DAMAGE_TELOMERE_STRESS_INDUCED_SENESCENCE	REACTOME_DNA_DAMAGE_TELOMERE_STRESS_INDUCED_SENESCENCE		58	0.2639232	1.0259492	0.4050633	0.93436325	1.0	3451	tags=24%, list=18%, signal=29%	
REACTOME_BASE_EXCISION_REPAIR_AP_SITE_FORMATION	REACTOME_BASE_EXCISION_REPAIR_AP_SITE_FORMATION		43	0.29077807	1.0216911	0.39772728	0.9416538	1.0	3236	tags=26%, list=17%, signal=31%	
REACTOME_NONSENSE_MEDIATED_DECAY_NMD	REACTOME_NONSENSE_MEDIATED_DECAY_NMD		115	0.23836972	1.016421	0.33333334	0.95177287	1.0	7753	tags=70%, list=40%, signal=117%	
REACTOME_OREXIN_AND_NEUROPEPTIDES_FF_AND_QRFP_BIND_TO_THEIR_RESPECTIVE_RECEPTORS	REACTOME_OREXIN_AND_NEUROPEPTIDES_FF_AND_QRFP_BIND_TO_THEIR_RESPECTIVE_RECEPTORS		4	0.5618635	1.0142289	0.47990543	0.9531762	1.0	1221	tags=50%, list=6%, signal=53%	
HOMOCYSTEINE DEGRADATION	HOMOCYSTEINE DEGRADATION		2	0.6675655	1.0077358	0.5204301	0.96739703	1.0	305	tags=50%, list=2%, signal=51%	
REACTOME_SIGNALING_BY_TGF_BETA_RECEPTOR_COMPLEX_IN_CANCER	REACTOME_SIGNALING_BY_TGF_BETA_RECEPTOR_COMPLEX_IN_CANCER		8	0.43773857	1.0057827	0.42546585	0.96799344	1.0	7285	tags=75%, list=38%, signal=120%	
REACTOME_UNBLOCKING_OF_NMDA_RECEPTORS_GLUTAMATE_BINDING_AND_ACTIVATION	REACTOME_UNBLOCKING_OF_NMDA_RECEPTORS_GLUTAMATE_BINDING_AND_ACTIVATION		21	0.33448815	1.0031815	0.4226804	0.97053766	1.0	2131	tags=24%, list=11%, signal=27%	
REACTOME_FGFR2B_LIGAND_BINDING_AND_ACTIVATION	REACTOME_FGFR2B_LIGAND_BINDING_AND_ACTIVATION		9	0.4207626	1.0029421	0.4409938	0.96639264	1.0	2316	tags=67%, list=12%, signal=76%	
REACTOME_ABORTIVE_ELONGATION_OF_HIV_1_TRANSCRIPT_IN_THE_ABSENCE_OF_TAT	REACTOME_ABORTIVE_ELONGATION_OF_HIV_1_TRANSCRIPT_IN_THE_ABSENCE_OF_TAT		23	0.33189186	0.9985673	0.44508672	0.9741081	1.0	178	tags=4%, list=1%, signal=4%	
REACTOME_TRANSLATION_OF_SARS_COV_1_STRUCTURAL_PROTEINS	REACTOME_TRANSLATION_OF_SARS_COV_1_STRUCTURAL_PROTEINS		29	0.30258444	0.99637675	0.443038	0.97554505	1.0	6111	tags=38%, list=32%, signal=55%	
REACTOME_ERCC6_CSB_AND_EHMT2_G9A_POSITIVELY_REGULATE_RRNA_EXPRESSION	REACTOME_ERCC6_CSB_AND_EHMT2_G9A_POSITIVELY_REGULATE_RRNA_EXPRESSION		50	0.25604272	0.99373114	0.48913044	0.97812337	1.0	4927	tags=36%, list=26%, signal=48%	
REACTOME_RNA_POLYMERASE_III_TRANSCRIPTION_INITIATION_FROM_TYPE_3_PROMOTER	REACTOME_RNA_POLYMERASE_III_TRANSCRIPTION_INITIATION_FROM_TYPE_3_PROMOTER		28	0.29454905	0.9917688	0.44155845	0.97885907	1.0	4764	tags=21%, list=25%, signal=28%	
REACTOME_LINOLEIC_ACID_LA_METABOLISM	REACTOME_LINOLEIC_ACID_LA_METABOLISM		8	0.420504	0.99106616	0.45192307	0.9761503	1.0	1587	tags=25%, list=8%, signal=27%	
REACTOME_PYRIMIDINE_CATABOLISM	REACTOME_PYRIMIDINE_CATABOLISM		10	0.3917742	0.9910623	0.44295302	0.97151005	1.0	3477	tags=40%, list=18%, signal=49%	
REACTOME_SIGNALLING_TO_ERKS	REACTOME_SIGNALLING_TO_ERKS		33	0.279426	0.9884972	0.4351145	0.973838	1.0	4435	tags=27%, list=23%, signal=35%	
REACTOME_ROLE_OF_ABL_IN_ROBO_SLIT_SIGNALING	REACTOME_ROLE_OF_ABL_IN_ROBO_SLIT_SIGNALING		8	0.43311316	0.98529726	0.50578034	0.977806	1.0	7907	tags=88%, list=41%, signal=148%	
REACTOME_DNA_METHYLATION	REACTOME_DNA_METHYLATION		38	0.27764633	0.98096675	0.50877196	0.98556036	1.0	2889	tags=29%, list=15%, signal=34%	
REACTOME_NONHOMOLOGOUS_END_JOINING_NHEJ	REACTOME_NONHOMOLOGOUS_END_JOINING_NHEJ		53	0.25906166	0.9808872	0.53488374	0.9810788	1.0	2889	tags=17%, list=15%, signal=20%	
REACTOME_CARGO_TRAFFICKING_TO_THE_PERICILIARY_MEMBRANE	REACTOME_CARGO_TRAFFICKING_TO_THE_PERICILIARY_MEMBRANE		49	0.2581671	0.98086596	0.50666666	0.9765632	1.0	5434	tags=35%, list=28%, signal=48%	
CYSTEINE SYNTHESIS (NEED SERINE AND METHIONINE)	CYSTEINE SYNTHESIS (NEED SERINE AND METHIONINE)		3	0.5672054	0.97926426	0.5597345	0.9764651	1.0	305	tags=33%, list=2%, signal=34%	
REACTOME_PERK_REGULATES_GENE_EXPRESSION	REACTOME_PERK_REGULATES_GENE_EXPRESSION		32	0.28513002	0.9755629	0.4822695	0.98197645	1.0	2421	tags=19%, list=13%, signal=21%	
REACTOME_NOREPINEPHRINE_NEUROTRANSMITTER_RELEASE_CYCLE	REACTOME_NOREPINEPHRINE_NEUROTRANSMITTER_RELEASE_CYCLE		18	0.33979413	0.97501916	0.47783253	0.9789858	1.0	3237	tags=39%, list=17%, signal=47%	
REACTOME_RET_SIGNALING	REACTOME_RET_SIGNALING		38	0.26741958	0.97444725	0.46938777	0.9758898	1.0	5099	tags=42%, list=26%, signal=57%	
REACTOME_THROMBIN_SIGNALLING_THROUGH_PROTEINASE_ACTIVATED_RECEPTORS_PARS	REACTOME_THROMBIN_SIGNALLING_THROUGH_PROTEINASE_ACTIVATED_RECEPTORS_PARS		31	0.2784589	0.97391987	0.51079136	0.97302556	1.0	2998	tags=26%, list=16%, signal=31%	
REACTOME_CHONDROITIN_SULFATE_BIOSYNTHESIS	REACTOME_CHONDROITIN_SULFATE_BIOSYNTHESIS		20	0.33333534	0.97229254	0.43781096	0.9728037	1.0	2960	tags=35%, list=15%, signal=41%	
REACTOME_SMOOTH_MUSCLE_CONTRACTION	REACTOME_SMOOTH_MUSCLE_CONTRACTION		41	0.27112636	0.96789676	0.54744524	0.9802604	1.0	6467	tags=59%, list=33%, signal=88%	
REACTOME_ACTIVATED_NTRK2_SIGNALS_THROUGH_PI3K	REACTOME_ACTIVATED_NTRK2_SIGNALS_THROUGH_PI3K		6	0.46312097	0.96750516	0.4910486	0.97700447	1.0	5099	tags=50%, list=26%, signal=68%	
REACTOME_MTORC1_MEDIATED_SIGNALLING	REACTOME_MTORC1_MEDIATED_SIGNALLING		24	0.30902869	0.96622306	0.5314286	0.976271	1.0	13347	tags=100%, list=69%, signal=324%	
REACTOME_ACTIVATION_OF_THE_MRNA_UPON_BINDING_OF_THE_CAP_BINDING_COMPLEX_AND_EIFS_AND_SUBSEQUENT_BINDING_TO_43S	REACTOME_ACTIVATION_OF_THE_MRNA_UPON_BINDING_OF_THE_CAP_BINDING_COMPLEX_AND_EIFS_AND_SUBSEQUENT_BINDING_TO_43S		59	0.25936377	0.9652726	0.48333332	0.97452736	1.0	7386	tags=56%, list=38%, signal=90%	
REACTOME_RNA_POLYMERASE_I_PROMOTER_ESCAPE	REACTOME_RNA_POLYMERASE_I_PROMOTER_ESCAPE		65	0.24322829	0.9635055	0.6229508	0.9749151	1.0	2889	tags=18%, list=15%, signal=22%	
REACTOME_TACHYKININ_RECEPTORS_BIND_TACHYKININS	REACTOME_TACHYKININ_RECEPTORS_BIND_TACHYKININS		4	0.5301323	0.96281177	0.5407407	0.9724666	1.0	3257	tags=50%, list=17%, signal=60%	
REACTOME_DISEASES_ASSOCIATED_WITH_GLYCOSAMINOGLYCAN_METABOLISM	REACTOME_DISEASES_ASSOCIATED_WITH_GLYCOSAMINOGLYCAN_METABOLISM		41	0.26239187	0.96197796	0.57391304	0.9704074	1.0	2812	tags=27%, list=15%, signal=31%	
REACTOME_POSITIVE_EPIGENETIC_REGULATION_OF_RRNA_EXPRESSION	REACTOME_POSITIVE_EPIGENETIC_REGULATION_OF_RRNA_EXPRESSION		80	0.23492202	0.95928496	0.6363636	0.9731963	1.0	4927	tags=29%, list=26%, signal=38%	
REACTOME_NOTCH1_INTRACELLULAR_DOMAIN_REGULATES_TRANSCRIPTION	REACTOME_NOTCH1_INTRACELLULAR_DOMAIN_REGULATES_TRANSCRIPTION		48	0.25537974	0.9579206	0.55263156	0.9726446	1.0	6152	tags=42%, list=32%, signal=61%	
REACTOME_CELLULAR_RESPONSE_TO_HEAT_STRESS	REACTOME_CELLULAR_RESPONSE_TO_HEAT_STRESS		98	0.23526205	0.95468885	0.5714286	0.9769377	1.0	5287	tags=26%, list=27%, signal=35%	
REACTOME_MITOCHONDRIAL_UNCOUPLING	REACTOME_MITOCHONDRIAL_UNCOUPLING		5	0.4886466	0.9541105	0.5388349	0.97405964	1.0	3010	tags=60%, list=16%, signal=71%	
REACTOME_NEGATIVE_EPIGENETIC_REGULATION_OF_RRNA_EXPRESSION	REACTOME_NEGATIVE_EPIGENETIC_REGULATION_OF_RRNA_EXPRESSION		83	0.21645072	0.94792235	0.55263156	0.98572385	1.0	2889	tags=16%, list=15%, signal=18%	
REACTOME_P75NTR_REGULATES_AXONOGENESIS	REACTOME_P75NTR_REGULATES_AXONOGENESIS		10	0.38876367	0.94710046	0.5150502	0.98367757	1.0	5017	tags=60%, list=26%, signal=81%	
REACTOME_ATF6_ATF6_ALPHA_ACTIVATES_CHAPERONE_GENES	REACTOME_ATF6_ATF6_ALPHA_ACTIVATES_CHAPERONE_GENES		10	0.378237	0.9444703	0.5302013	0.9864276	1.0	2204	tags=30%, list=11%, signal=34%	
REACTOME_NPAS4_REGULATES_EXPRESSION_OF_TARGET_GENES	REACTOME_NPAS4_REGULATES_EXPRESSION_OF_TARGET_GENES		22	0.30549648	0.9440091	0.5414365	0.98338664	1.0	4068	tags=32%, list=21%, signal=40%	
REACTOME_COOPERATION_OF_PDCL_PHLP1_AND_TRIC_CCT_IN_G_PROTEIN_BETA_FOLDING	REACTOME_COOPERATION_OF_PDCL_PHLP1_AND_TRIC_CCT_IN_G_PROTEIN_BETA_FOLDING		37	0.2595128	0.94036263	0.5882353	0.9886597	1.0	3039	tags=24%, list=16%, signal=29%	
REACTOME_RNA_POLYMERASE_III_CHAIN_ELONGATION	REACTOME_RNA_POLYMERASE_III_CHAIN_ELONGATION		18	0.32722408	0.93994516	0.5339367	0.98555785	1.0	178	tags=6%, list=1%, signal=6%	
REACTOME_ECM_PROTEOGLYCANS	REACTOME_ECM_PROTEOGLYCANS		71	0.23181313	0.9295583	0.56060606	1.0	1.0	4711	tags=37%, list=24%, signal=48%	
REACTOME_MICRORNA_MIRNA_BIOGENESIS	REACTOME_MICRORNA_MIRNA_BIOGENESIS		24	0.29992205	0.9289934	0.5433526	1.0	1.0	4332	tags=17%, list=22%, signal=21%	
REACTOME_HIV_TRANSCRIPTION_INITIATION	REACTOME_HIV_TRANSCRIPTION_INITIATION		46	0.25149265	0.92605096	0.57831323	1.0	1.0	196	tags=4%, list=1%, signal=4%	
REACTOME_PEPTIDE_HORMONE_BIOSYNTHESIS	REACTOME_PEPTIDE_HORMONE_BIOSYNTHESIS		9	0.38094544	0.92310035	0.57507986	1.0	1.0	2623	tags=44%, list=14%, signal=51%	
REACTOME_NEGATIVE_REGULATION_OF_NMDA_RECEPTOR_MEDIATED_NEURONAL_TRANSMISSION	REACTOME_NEGATIVE_REGULATION_OF_NMDA_RECEPTOR_MEDIATED_NEURONAL_TRANSMISSION		21	0.3018219	0.92272276	0.57560974	1.0	1.0	2310	tags=24%, list=12%, signal=27%	
REACTOME_MET_ACTIVATES_RAP1_AND_RAC1	REACTOME_MET_ACTIVATES_RAP1_AND_RAC1		11	0.36584783	0.92266065	0.5704467	1.0	1.0	359	tags=9%, list=2%, signal=9%	
REACTOME_MYOGENESIS	REACTOME_MYOGENESIS		24	0.28954884	0.92052716	0.58787876	1.0	1.0	3702	tags=38%, list=19%, signal=46%	
REACTOME_DCC_MEDIATED_ATTRACTIVE_SIGNALING	REACTOME_DCC_MEDIATED_ATTRACTIVE_SIGNALING		14	0.34349898	0.91993093	0.5567766	1.0	1.0	5210	tags=36%, list=27%, signal=49%	
REACTOME_GPER1_SIGNALING	REACTOME_GPER1_SIGNALING		41	0.25082955	0.918223	0.5495495	1.0	1.0	2287	tags=20%, list=12%, signal=22%	
REACTOME_CELLULAR_RESPONSE_TO_STARVATION	REACTOME_CELLULAR_RESPONSE_TO_STARVATION		155	0.19637667	0.91707766	0.5	1.0	1.0	7457	tags=60%, list=39%, signal=97%	
REACTOME_NEGATIVE_REGULATION_OF_TCF_DEPENDENT_SIGNALING_BY_WNT_LIGAND_ANTAGONISTS	REACTOME_NEGATIVE_REGULATION_OF_TCF_DEPENDENT_SIGNALING_BY_WNT_LIGAND_ANTAGONISTS		12	0.35741863	0.91460854	0.57462686	1.0	1.0	2327	tags=33%, list=12%, signal=38%	
REACTOME_COLLAGEN_DEGRADATION	REACTOME_COLLAGEN_DEGRADATION		60	0.24237981	0.9140993	0.6533333	1.0	1.0	1381	tags=17%, list=7%, signal=18%	
REACTOME_NF_KB_IS_ACTIVATED_AND_SIGNALS_SURVIVAL	REACTOME_NF_KB_IS_ACTIVATED_AND_SIGNALS_SURVIVAL		13	0.35205194	0.91382456	0.5708333	0.9978666	1.0	6174	tags=46%, list=32%, signal=68%	
REACTOME_HATS_ACETYLATE_HISTONES	REACTOME_HATS_ACETYLATE_HISTONES		113	0.20710279	0.9115376	0.8125	0.9995256	1.0	2937	tags=15%, list=15%, signal=18%	
REACTOME_MET_RECEPTOR_RECYCLING	REACTOME_MET_RECEPTOR_RECYCLING		10	0.38172284	0.9056224	0.6111111	1.0	1.0	359	tags=10%, list=2%, signal=10%	
REACTOME_CHONDROITIN_SULFATE_DERMATAN_SULFATE_METABOLISM	REACTOME_CHONDROITIN_SULFATE_DERMATAN_SULFATE_METABOLISM		50	0.24628597	0.9047402	0.6097561	1.0	1.0	4465	tags=38%, list=23%, signal=49%	
REACTOME_ATF6_ATF6_ALPHA_ACTIVATES_CHAPERONES	REACTOME_ATF6_ATF6_ALPHA_ACTIVATES_CHAPERONES		12	0.35735944	0.9021488	0.5763359	1.0	1.0	2204	tags=25%, list=11%, signal=28%	
REACTOME_ASSEMBLY_OF_THE_ORC_COMPLEX_AT_THE_ORIGIN_OF_REPLICATION	REACTOME_ASSEMBLY_OF_THE_ORC_COMPLEX_AT_THE_ORIGIN_OF_REPLICATION		43	0.24949558	0.9015544	0.64705884	1.0	1.0	2889	tags=26%, list=15%, signal=30%	
REACTOME_FOXO_MEDIATED_TRANSCRIPTION_OF_CELL_DEATH_GENES	REACTOME_FOXO_MEDIATED_TRANSCRIPTION_OF_CELL_DEATH_GENES		16	0.3362586	0.90147984	0.5974026	1.0	1.0	2209	tags=25%, list=11%, signal=28%	
REACTOME_CLASS_C_3_METABOTROPIC_GLUTAMATE_PHEROMONE_RECEPTORS	REACTOME_CLASS_C_3_METABOTROPIC_GLUTAMATE_PHEROMONE_RECEPTORS		13	0.3379147	0.9003057	0.59409595	1.0	1.0	1868	tags=31%, list=10%, signal=34%	
REACTOME_FORMATION_OF_PARAXIAL_MESODERM	REACTOME_FORMATION_OF_PARAXIAL_MESODERM		19	0.29641336	0.89185476	0.62637365	1.0	1.0	6128	tags=53%, list=32%, signal=77%	
REACTOME_TRAFFICKING_OF_AMPA_RECEPTORS	REACTOME_TRAFFICKING_OF_AMPA_RECEPTORS		29	0.26586428	0.89157104	0.66206896	1.0	1.0	2235	tags=14%, list=12%, signal=16%	
REACTOME_SYNTHESIS_OF_PYROPHOSPHATES_IN_THE_CYTOSOL	REACTOME_SYNTHESIS_OF_PYROPHOSPHATES_IN_THE_CYTOSOL		10	0.3671149	0.8915588	0.5862069	1.0	1.0	942	tags=20%, list=5%, signal=21%	
REACTOME_RNA_POLYMERASE_III_TRANSCRIPTION_TERMINATION	REACTOME_RNA_POLYMERASE_III_TRANSCRIPTION_TERMINATION		23	0.28050265	0.8908119	0.67156863	1.0	1.0	5557	tags=26%, list=29%, signal=37%	
REACTOME_TRANSPORT_OF_RCBL_WITHIN_THE_BODY	REACTOME_TRANSPORT_OF_RCBL_WITHIN_THE_BODY		8	0.3891544	0.88818896	0.5975232	1.0	1.0	758	tags=13%, list=4%, signal=13%	
REACTOME_ACTIVATION_OF_THE_AP_1_FAMILY_OF_TRANSCRIPTION_FACTORS	REACTOME_ACTIVATION_OF_THE_AP_1_FAMILY_OF_TRANSCRIPTION_FACTORS		10	0.36817935	0.8878648	0.6185567	1.0	1.0	5148	tags=40%, list=27%, signal=55%	
REACTOME_BUTYRATE_RESPONSE_FACTOR_1_BRF1_BINDS_AND_DESTABILIZES_MRNA	REACTOME_BUTYRATE_RESPONSE_FACTOR_1_BRF1_BINDS_AND_DESTABILIZES_MRNA		17	0.30891663	0.8874247	0.63274336	1.0	1.0	13347	tags=100%, list=69%, signal=324%	
REACTOME_ADORA2B_MEDIATED_ANTI_INFLAMMATORY_CYTOKINES_PRODUCTION	REACTOME_ADORA2B_MEDIATED_ANTI_INFLAMMATORY_CYTOKINES_PRODUCTION		39	0.25223693	0.88181365	0.7647059	1.0	1.0	2287	tags=21%, list=12%, signal=23%	
REACTOME_NETRIN_1_SIGNALING	REACTOME_NETRIN_1_SIGNALING		48	0.23169762	0.88069516	0.6764706	1.0	1.0	2341	tags=19%, list=12%, signal=21%	
REACTOME_TRANSCRIPTIONAL_REGULATION_BY_SMALL_RNAS	REACTOME_TRANSCRIPTIONAL_REGULATION_BY_SMALL_RNAS		81	0.21905577	0.8791794	0.75	1.0	1.0	2889	tags=15%, list=15%, signal=17%	
REACTOME_REGULATION_OF_PTEN_LOCALIZATION	REACTOME_REGULATION_OF_PTEN_LOCALIZATION		9	0.3648023	0.877529	0.61875	1.0	1.0	7032	tags=67%, list=36%, signal=105%	
REACTOME_TRAF6_MEDIATED_INDUCTION_OF_TAK1_COMPLEX_WITHIN_TLR4_COMPLEX	REACTOME_TRAF6_MEDIATED_INDUCTION_OF_TAK1_COMPLEX_WITHIN_TLR4_COMPLEX		16	0.311995	0.87610334	0.64285713	1.0	1.0	6111	tags=44%, list=32%, signal=64%	
REACTOME_APEX1_INDEPENDENT_RESOLUTION_OF_AP_SITES_VIA_THE_SINGLE_NUCLEOTIDE_REPLACEMENT_PATHWAY	REACTOME_APEX1_INDEPENDENT_RESOLUTION_OF_AP_SITES_VIA_THE_SINGLE_NUCLEOTIDE_REPLACEMENT_PATHWAY		7	0.3986764	0.87508947	0.6023392	1.0	1.0	5778	tags=43%, list=30%, signal=61%	
REACTOME_TRISTETRAPROLIN_TTP_ZFP36_BINDS_AND_DESTABILIZES_MRNA	REACTOME_TRISTETRAPROLIN_TTP_ZFP36_BINDS_AND_DESTABILIZES_MRNA		17	0.30891654	0.868519	0.622449	1.0	1.0	13347	tags=100%, list=69%, signal=324%	
REACTOME_MRNA_DECAY_BY_3_TO_5_EXORIBONUCLEASE	REACTOME_MRNA_DECAY_BY_3_TO_5_EXORIBONUCLEASE		16	0.3098855	0.86810386	0.67264575	1.0	1.0	13328	tags=100%, list=69%, signal=323%	
REACTOME_SENESCENCE_ASSOCIATED_SECRETORY_PHENOTYPE_SASP	REACTOME_SENESCENCE_ASSOCIATED_SECRETORY_PHENOTYPE_SASP		86	0.20125483	0.8669563	0.9142857	1.0	1.0	3569	tags=22%, list=18%, signal=27%	
REACTOME_ACTIVATED_NTRK2_SIGNALS_THROUGH_FYN	REACTOME_ACTIVATED_NTRK2_SIGNALS_THROUGH_FYN		7	0.378859	0.8668768	0.56838906	1.0	1.0	4550	tags=43%, list=24%, signal=56%	
REACTOME_HDL_ASSEMBLY	REACTOME_HDL_ASSEMBLY		7	0.38891834	0.8632727	0.6360947	1.0	1.0	5597	tags=43%, list=29%, signal=60%	
REACTOME_DNA_DAMAGE_REVERSAL	REACTOME_DNA_DAMAGE_REVERSAL		8	0.37343898	0.859756	0.60923076	1.0	1.0	12099	tags=100%, list=63%, signal=268%	
REACTOME_INSERTION_OF_TAIL_ANCHORED_PROTEINS_INTO_THE_ENDOPLASMIC_RETICULUM_MEMBRANE	REACTOME_INSERTION_OF_TAIL_ANCHORED_PROTEINS_INTO_THE_ENDOPLASMIC_RETICULUM_MEMBRANE		22	0.2845883	0.85758567	0.67045456	1.0	1.0	914	tags=9%, list=5%, signal=10%	
REACTOME_HIV_ELONGATION_ARREST_AND_RECOVERY	REACTOME_HIV_ELONGATION_ARREST_AND_RECOVERY		32	0.2536356	0.8572127	0.70714283	1.0	1.0	178	tags=3%, list=1%, signal=3%	
REACTOME_DOWNREGULATION_OF_SMAD2_3_SMAD4_TRANSCRIPTIONAL_ACTIVITY	REACTOME_DOWNREGULATION_OF_SMAD2_3_SMAD4_TRANSCRIPTIONAL_ACTIVITY		30	0.25859818	0.8572077	0.70547944	1.0	1.0	14321	tags=100%, list=74%, signal=387%	
REACTOME_G_ALPHA_Z_SIGNALLING_EVENTS	REACTOME_G_ALPHA_Z_SIGNALLING_EVENTS		43	0.23445147	0.85439664	0.70652175	1.0	1.0	3049	tags=26%, list=16%, signal=30%	
REACTOME_RHO_GTPASES_ACTIVATE_KTN1	REACTOME_RHO_GTPASES_ACTIVATE_KTN1		10	0.3502116	0.85071206	0.60841423	1.0	1.0	3870	tags=30%, list=20%, signal=38%	
REACTOME_NUCLEAR_SIGNALING_BY_ERBB4	REACTOME_NUCLEAR_SIGNALING_BY_ERBB4		31	0.25956193	0.8464796	0.7202797	1.0	1.0	4504	tags=32%, list=23%, signal=42%	
REACTOME_CS_DS_DEGRADATION	REACTOME_CS_DS_DEGRADATION		14	0.3123111	0.8446539	0.67391306	1.0	1.0	4377	tags=29%, list=23%, signal=37%	
REACTOME_RNA_POLYMERASE_I_TRANSCRIPTION	REACTOME_RNA_POLYMERASE_I_TRANSCRIPTION		85	0.21615925	0.8419919	1.0	1.0	1.0	4962	tags=28%, list=26%, signal=38%	
REACTOME_PRE_NOTCH_PROCESSING_IN_THE_ENDOPLASMIC_RETICULUM	REACTOME_PRE_NOTCH_PROCESSING_IN_THE_ENDOPLASMIC_RETICULUM		6	0.40335426	0.83850074	0.6640625	1.0	1.0	2983	tags=33%, list=15%, signal=39%	
REACTOME_G_PROTEIN_MEDIATED_EVENTS	REACTOME_G_PROTEIN_MEDIATED_EVENTS		51	0.2211668	0.83846104	0.81395346	1.0	1.0	4416	tags=27%, list=23%, signal=35%	
REACTOME_METABOLISM_OF_INGESTED_SEMET_SEC_MESEC_INTO_H2SE	REACTOME_METABOLISM_OF_INGESTED_SEMET_SEC_MESEC_INTO_H2SE		8	0.36311567	0.83685756	0.65030676	1.0	1.0	2109	tags=25%, list=11%, signal=28%	
REACTOME_NCAM_SIGNALING_FOR_NEURITE_OUT_GROWTH	REACTOME_NCAM_SIGNALING_FOR_NEURITE_OUT_GROWTH		62	0.21294488	0.8360667	0.86206895	1.0	1.0	6004	tags=45%, list=31%, signal=65%	
REACTOME_SPRY_REGULATION_OF_FGF_SIGNALING	REACTOME_SPRY_REGULATION_OF_FGF_SIGNALING		16	0.30236903	0.83425593	0.677686	1.0	1.0	13473	tags=100%, list=70%, signal=331%	
REACTOME_SIGNALING_BY_NOTCH1_T_7_9_NOTCH1_M1580_K2555_TRANSLOCATION_MUTANT	REACTOME_SIGNALING_BY_NOTCH1_T_7_9_NOTCH1_M1580_K2555_TRANSLOCATION_MUTANT		7	0.38550034	0.83321273	0.67435896	1.0	1.0	1020	tags=14%, list=5%, signal=15%	
REACTOME_ABC_TRANSPORTERS_IN_LIPID_HOMEOSTASIS	REACTOME_ABC_TRANSPORTERS_IN_LIPID_HOMEOSTASIS		18	0.28156585	0.83049786	0.7175926	1.0	1.0	3641	tags=33%, list=19%, signal=41%	
REACTOME_RNA_POLYMERASE_III_TRANSCRIPTION	REACTOME_RNA_POLYMERASE_III_TRANSCRIPTION		41	0.23134516	0.83027333	0.8	1.0	1.0	5668	tags=24%, list=29%, signal=34%	
REACTOME_BIOSYNTHESIS_OF_EPA_DERIVED_SPMS	REACTOME_BIOSYNTHESIS_OF_EPA_DERIVED_SPMS		6	0.4052367	0.82468534	0.6694215	1.0	1.0	229	tags=17%, list=1%, signal=17%	
REACTOME_SRP_DEPENDENT_COTRANSLATIONAL_PROTEIN_TARGETING_TO_MEMBRANE	REACTOME_SRP_DEPENDENT_COTRANSLATIONAL_PROTEIN_TARGETING_TO_MEMBRANE		112	0.18387738	0.81942683	0.9	1.0	1.0	7753	tags=68%, list=40%, signal=113%	
REACTOME_JOSEPHIN_DOMAIN_DUBS	REACTOME_JOSEPHIN_DOMAIN_DUBS		11	0.33027574	0.8190887	0.6981132	1.0	1.0	12933	tags=100%, list=67%, signal=303%	
REACTOME_NEGATIVE_FEEDBACK_REGULATION_OF_MAPK_PATHWAY	REACTOME_NEGATIVE_FEEDBACK_REGULATION_OF_MAPK_PATHWAY		6	0.38868448	0.81774575	0.6589595	1.0	1.0	11804	tags=100%, list=61%, signal=257%	
REACTOME_NADE_MODULATES_DEATH_SIGNALLING	REACTOME_NADE_MODULATES_DEATH_SIGNALLING		6	0.40319628	0.8145399	0.67507005	1.0	1.0	2498	tags=33%, list=13%, signal=38%	
REACTOME_COHESIN_LOADING_ONTO_CHROMATIN	REACTOME_COHESIN_LOADING_ONTO_CHROMATIN		10	0.33512983	0.81222135	0.69078946	1.0	1.0	12839	tags=100%, list=66%, signal=298%	
REACTOME_DEADENYLATION_DEPENDENT_MRNA_DECAY	REACTOME_DEADENYLATION_DEPENDENT_MRNA_DECAY		56	0.2100151	0.8110992	0.85915494	1.0	1.0	15263	tags=100%, list=79%, signal=476%	
REACTOME_FOXO_MEDIATED_TRANSCRIPTION_OF_CELL_CYCLE_GENES	REACTOME_FOXO_MEDIATED_TRANSCRIPTION_OF_CELL_CYCLE_GENES		16	0.2801799	0.8069342	0.72925764	1.0	1.0	7392	tags=69%, list=38%, signal=111%	
REACTOME_GLI_PROTEINS_BIND_PROMOTERS_OF_HH_RESPONSIVE_GENES_TO_PROMOTE_TRANSCRIPTION	REACTOME_GLI_PROTEINS_BIND_PROMOTERS_OF_HH_RESPONSIVE_GENES_TO_PROMOTE_TRANSCRIPTION		7	0.36899537	0.8055838	0.668693	1.0	1.0	3313	tags=57%, list=17%, signal=69%	
REACTOME_MATURATION_OF_SARS_COV_1_SPIKE_PROTEIN	REACTOME_MATURATION_OF_SARS_COV_1_SPIKE_PROTEIN		5	0.39954415	0.80299956	0.6994681	1.0	1.0	11594	tags=100%, list=60%, signal=250%	
REACTOME_RAS_SIGNALING_DOWNSTREAM_OF_NF1_LOSS_OF_FUNCTION_VARIANTS	REACTOME_RAS_SIGNALING_DOWNSTREAM_OF_NF1_LOSS_OF_FUNCTION_VARIANTS		7	0.35591573	0.8011001	0.68945867	1.0	1.0	402	tags=14%, list=2%, signal=15%	
REACTOME_MATURATION_OF_SARS_COV_2_NUCLEOPROTEIN	REACTOME_MATURATION_OF_SARS_COV_2_NUCLEOPROTEIN		15	0.29348025	0.79105717	0.7106383	1.0	1.0	5816	tags=40%, list=30%, signal=57%	
REACTOME_BBSOME_MEDIATED_CARGO_TARGETING_TO_CILIUM	REACTOME_BBSOME_MEDIATED_CARGO_TARGETING_TO_CILIUM		23	0.25451997	0.7896641	0.82285714	1.0	1.0	5202	tags=39%, list=27%, signal=53%	
REACTOME_NEGATIVE_REGULATION_OF_MET_ACTIVITY	REACTOME_NEGATIVE_REGULATION_OF_MET_ACTIVITY		21	0.25949773	0.7859415	0.76842105	1.0	1.0	359	tags=5%, list=2%, signal=5%	
REACTOME_TRANSCRIPTION_OF_THE_HIV_GENOME	REACTOME_TRANSCRIPTION_OF_THE_HIV_GENOME		68	0.19892095	0.78144866	0.9347826	1.0	1.0	196	tags=3%, list=1%, signal=3%	
REACTOME_HCMV_LATE_EVENTS	REACTOME_HCMV_LATE_EVENTS		88	0.18509854	0.7803887	0.9230769	1.0	1.0	2889	tags=16%, list=15%, signal=19%	
REACTOME_LOSS_OF_FUNCTION_OF_MECP2_IN_RETT_SYNDROME	REACTOME_LOSS_OF_FUNCTION_OF_MECP2_IN_RETT_SYNDROME		13	0.2848553	0.77330804	0.78853047	1.0	1.0	13810	tags=100%, list=72%, signal=351%	
REACTOME_RNA_POLYMERASE_III_TRANSCRIPTION_INITIATION_FROM_TYPE_1_PROMOTER	REACTOME_RNA_POLYMERASE_III_TRANSCRIPTION_INITIATION_FROM_TYPE_1_PROMOTER		28	0.2325694	0.7721276	0.8525641	1.0	1.0	178	tags=4%, list=1%, signal=4%	
REACTOME_IRAK2_MEDIATED_ACTIVATION_OF_TAK1_COMPLEX	REACTOME_IRAK2_MEDIATED_ACTIVATION_OF_TAK1_COMPLEX		10	0.3241612	0.7715979	0.7081851	1.0	1.0	7032	tags=60%, list=36%, signal=94%	
REACTOME_NOTCH4_ACTIVATION_AND_TRANSMISSION_OF_SIGNAL_TO_THE_NUCLEUS	REACTOME_NOTCH4_ACTIVATION_AND_TRANSMISSION_OF_SIGNAL_TO_THE_NUCLEUS		11	0.3136604	0.7677508	0.74358976	1.0	1.0	1423	tags=18%, list=7%, signal=20%	
REACTOME_MRNA_DECAY_BY_5_TO_3_EXORIBONUCLEASE	REACTOME_MRNA_DECAY_BY_5_TO_3_EXORIBONUCLEASE		15	0.27254823	0.76462984	0.8	1.0	1.0	14048	tags=100%, list=73%, signal=367%	
REACTOME_MRNA_CAPPING	REACTOME_MRNA_CAPPING		29	0.22986041	0.76227665	0.86754966	1.0	1.0	178	tags=3%, list=1%, signal=3%	
REACTOME_SIGNALING_BY_FLT3_FUSION_PROTEINS	REACTOME_SIGNALING_BY_FLT3_FUSION_PROTEINS		19	0.2582879	0.76039284	0.79396987	1.0	1.0	5441	tags=32%, list=28%, signal=44%	
REACTOME_RRNA_MODIFICATION_IN_THE_MITOCHONDRION	REACTOME_RRNA_MODIFICATION_IN_THE_MITOCHONDRION		8	0.34001762	0.75812936	0.7588235	1.0	1.0	12744	tags=100%, list=66%, signal=294%	
REACTOME_REELIN_SIGNALLING_PATHWAY	REACTOME_REELIN_SIGNALLING_PATHWAY		5	0.3867743	0.7575577	0.7663044	1.0	1.0	6959	tags=80%, list=36%, signal=125%	
REACTOME_SIGNALING_BY_MRAS_COMPLEX_MUTANTS	REACTOME_SIGNALING_BY_MRAS_COMPLEX_MUTANTS		8	0.3294414	0.7466257	0.77409637	1.0	1.0	4368	tags=25%, list=23%, signal=32%	
SYNTHESIS OF GLOBOSIDE (LINK WITH GLOBOSIDE METABOLISM)	SYNTHESIS OF GLOBOSIDE (LINK WITH GLOBOSIDE METABOLISM)		11	0.29364932	0.744214	0.7791798	1.0	1.0	2997	tags=36%, list=16%, signal=43%	
REACTOME_ACTIVATION_OF_RAC1_DOWNSTREAM_OF_NMDARS	REACTOME_ACTIVATION_OF_RAC1_DOWNSTREAM_OF_NMDARS		7	0.33815634	0.7423988	0.7627119	1.0	1.0	5761	tags=57%, list=30%, signal=81%	
REACTOME_NR1H3_NR1H2_REGULATE_GENE_EXPRESSION_LINKED_TO_CHOLESTEROL_TRANSPORT_AND_EFFLUX	REACTOME_NR1H3_NR1H2_REGULATE_GENE_EXPRESSION_LINKED_TO_CHOLESTEROL_TRANSPORT_AND_EFFLUX		36	0.2123967	0.7419631	0.90756303	1.0	1.0	7371	tags=53%, list=38%, signal=85%	
REACTOME_REGULATION_OF_RUNX1_EXPRESSION_AND_ACTIVITY	REACTOME_REGULATION_OF_RUNX1_EXPRESSION_AND_ACTIVITY		17	0.27093056	0.74189806	0.8206278	1.0	1.0	8114	tags=71%, list=42%, signal=122%	
REACTOME_INACTIVATION_OF_CDC42_AND_RAC1	REACTOME_INACTIVATION_OF_CDC42_AND_RAC1		8	0.3284108	0.74144995	0.76035506	1.0	1.0	12968	tags=100%, list=67%, signal=304%	
REACTOME_ERYTHROPOIETIN_ACTIVATES_STAT5	REACTOME_ERYTHROPOIETIN_ACTIVATES_STAT5		6	0.3558221	0.7392011	0.7793296	1.0	1.0	6247	tags=67%, list=32%, signal=99%	
REACTOME_REGULATION_OF_BACH1_ACTIVITY	REACTOME_REGULATION_OF_BACH1_ACTIVITY		11	0.2892828	0.7369372	0.8020833	1.0	1.0	13724	tags=100%, list=71%, signal=346%	
REACTOME_DISINHIBITION_OF_SNARE_FORMATION	REACTOME_DISINHIBITION_OF_SNARE_FORMATION		5	0.37871715	0.736909	0.7672634	1.0	1.0	11996	tags=100%, list=62%, signal=264%	
REACTOME_RUNX1_INTERACTS_WITH_CO_FACTORS_WHOSE_PRECISE_EFFECT_ON_RUNX1_TARGETS_IS_NOT_KNOWN	REACTOME_RUNX1_INTERACTS_WITH_CO_FACTORS_WHOSE_PRECISE_EFFECT_ON_RUNX1_TARGETS_IS_NOT_KNOWN		37	0.20031153	0.73373264	0.9292035	1.0	1.0	15446	tags=100%, list=80%, signal=499%	
REACTOME_CIRCADIAN_CLOCK	REACTOME_CIRCADIAN_CLOCK		70	0.18478867	0.72988117	0.96153843	1.0	1.0	6271	tags=37%, list=32%, signal=55%	
REACTOME_NCAM1_INTERACTIONS	REACTOME_NCAM1_INTERACTIONS		41	0.20476681	0.7280026	0.9292035	1.0	1.0	4057	tags=32%, list=21%, signal=40%	
REACTOME_WNT5A_DEPENDENT_INTERNALIZATION_OF_FZD4	REACTOME_WNT5A_DEPENDENT_INTERNALIZATION_OF_FZD4		15	0.2536284	0.7269638	0.8543307	1.0	1.0	14413	tags=100%, list=75%, signal=394%	
REACTOME_REGULATION_OF_FOXO_TRANSCRIPTIONAL_ACTIVITY_BY_ACETYLATION	REACTOME_REGULATION_OF_FOXO_TRANSCRIPTIONAL_ACTIVITY_BY_ACETYLATION		10	0.3053431	0.726468	0.833935	1.0	1.0	6854	tags=70%, list=36%, signal=108%	
REACTOME_FORMATION_OF_THE_EARLY_ELONGATION_COMPLEX	REACTOME_FORMATION_OF_THE_EARLY_ELONGATION_COMPLEX		33	0.20790942	0.72053313	0.9148936	1.0	1.0	178	tags=3%, list=1%, signal=3%	
REACTOME_CELL_EXTRACELLULAR_MATRIX_INTERACTIONS	REACTOME_CELL_EXTRACELLULAR_MATRIX_INTERACTIONS		18	0.23632544	0.7142881	0.8769231	1.0	1.0	5637	tags=39%, list=29%, signal=55%	
REACTOME_VXPX_CARGO_TARGETING_TO_CILIUM	REACTOME_VXPX_CARGO_TARGETING_TO_CILIUM		19	0.24266869	0.7142075	0.8811881	1.0	1.0	3774	tags=26%, list=20%, signal=33%	
REACTOME_DAG_AND_IP3_SIGNALING	REACTOME_DAG_AND_IP3_SIGNALING		39	0.19861709	0.70687157	0.95689654	1.0	1.0	4416	tags=26%, list=23%, signal=33%	
REACTOME_SELENOAMINO_ACID_METABOLISM	REACTOME_SELENOAMINO_ACID_METABOLISM		117	0.16872899	0.70658803	1.0	1.0	1.0	7457	tags=63%, list=39%, signal=102%	
REACTOME_PKA_ACTIVATION_IN_GLUCAGON_SIGNALLING	REACTOME_PKA_ACTIVATION_IN_GLUCAGON_SIGNALLING		15	0.25275663	0.70528674	0.8384615	1.0	1.0	5318	tags=33%, list=28%, signal=46%	
REACTOME_BH3_ONLY_PROTEINS_ASSOCIATE_WITH_AND_INACTIVATE_ANTI_APOPTOTIC_BCL_2_MEMBERS	REACTOME_BH3_ONLY_PROTEINS_ASSOCIATE_WITH_AND_INACTIVATE_ANTI_APOPTOTIC_BCL_2_MEMBERS		9	0.28387842	0.7041646	0.8113772	1.0	1.0	6170	tags=44%, list=32%, signal=65%	
REACTOME_SIGNALING_BY_NTRK2_TRKB	REACTOME_SIGNALING_BY_NTRK2_TRKB		24	0.22070625	0.70416254	0.9116022	1.0	1.0	5441	tags=42%, list=28%, signal=58%	
REACTOME_HDMS_DEMETHYLATE_HISTONES	REACTOME_HDMS_DEMETHYLATE_HISTONES		34	0.19821571	0.70218945	0.9142857	1.0	1.0	3756	tags=21%, list=19%, signal=26%	
REACTOME_P75NTR_SIGNALS_VIA_NF_KB	REACTOME_P75NTR_SIGNALS_VIA_NF_KB		16	0.24692816	0.7005315	0.8739496	1.0	1.0	6253	tags=44%, list=32%, signal=65%	
REACTOME_CASPASE_MEDIATED_CLEAVAGE_OF_CYTOSKELETAL_PROTEINS	REACTOME_CASPASE_MEDIATED_CLEAVAGE_OF_CYTOSKELETAL_PROTEINS		12	0.27098432	0.6989666	0.8231047	1.0	1.0	2965	tags=33%, list=15%, signal=39%	
REACTOME_SARS_COV_2_MODULATES_HOST_TRANSLATION_MACHINERY	REACTOME_SARS_COV_2_MODULATES_HOST_TRANSLATION_MACHINERY		50	0.1906427	0.69827914	0.96385545	1.0	1.0	7386	tags=58%, list=38%, signal=94%	
REACTOME_EGFR_TRANSACTIVATION_BY_GASTRIN	REACTOME_EGFR_TRANSACTIVATION_BY_GASTRIN		9	0.3027158	0.6948896	0.8492647	1.0	1.0	441	tags=11%, list=2%, signal=11%	
REACTOME_FORMATION_OF_TC_NER_PRE_INCISION_COMPLEX	REACTOME_FORMATION_OF_TC_NER_PRE_INCISION_COMPLEX		53	0.18531205	0.6944417	0.9577465	1.0	1.0	15738	tags=100%, list=82%, signal=539%	
REACTOME_FLT3_SIGNALING_IN_DISEASE	REACTOME_FLT3_SIGNALING_IN_DISEASE		28	0.2067613	0.6932787	0.9006211	1.0	1.0	768	tags=7%, list=4%, signal=7%	
REACTOME_P75NTR_RECRUITS_SIGNALLING_COMPLEXES	REACTOME_P75NTR_RECRUITS_SIGNALLING_COMPLEXES		13	0.26466292	0.69076663	0.8666667	1.0	1.0	6253	tags=46%, list=32%, signal=68%	
REACTOME_JNK_C_JUN_KINASES_PHOSPHORYLATION_AND_ACTIVATION_MEDIATED_BY_ACTIVATED_HUMAN_TAK1	REACTOME_JNK_C_JUN_KINASES_PHOSPHORYLATION_AND_ACTIVATION_MEDIATED_BY_ACTIVATED_HUMAN_TAK1		22	0.21954888	0.68999153	0.8956044	1.0	1.0	15072	tags=100%, list=78%, signal=455%	
REACTOME_SIGNALING_BY_CYTOSOLIC_FGFR1_FUSION_MUTANTS	REACTOME_SIGNALING_BY_CYTOSOLIC_FGFR1_FUSION_MUTANTS		18	0.2365079	0.68778044	0.8873239	1.0	1.0	14744	tags=100%, list=76%, signal=423%	
REACTOME_TICAM1_TRAF6_DEPENDENT_INDUCTION_OF_TAK1_COMPLEX	REACTOME_TICAM1_TRAF6_DEPENDENT_INDUCTION_OF_TAK1_COMPLEX		11	0.26798305	0.6877499	0.8455882	1.0	1.0	14135	tags=100%, list=73%, signal=373%	
REACTOME_AKT_PHOSPHORYLATES_TARGETS_IN_THE_CYTOSOL	REACTOME_AKT_PHOSPHORYLATES_TARGETS_IN_THE_CYTOSOL		14	0.2611829	0.6863452	0.90082645	1.0	1.0	14267	tags=100%, list=74%, signal=383%	
REACTOME_GLYCOGEN_METABOLISM	REACTOME_GLYCOGEN_METABOLISM		25	0.22397742	0.6861387	0.93413174	1.0	1.0	1534	tags=12%, list=8%, signal=13%	
REACTOME_LDL_REMODELING	REACTOME_LDL_REMODELING		4	0.37639254	0.6853879	0.8120301	1.0	1.0	4659	tags=50%, list=24%, signal=66%	
REACTOME_RAS_ACTIVATION_UPON_CA2_INFLUX_THROUGH_NMDA_RECEPTOR	REACTOME_RAS_ACTIVATION_UPON_CA2_INFLUX_THROUGH_NMDA_RECEPTOR		20	0.22484447	0.68447465	0.8888889	1.0	1.0	2131	tags=20%, list=11%, signal=22%	
REACTOME_TRAFFICKING_OF_GLUR2_CONTAINING_AMPA_RECEPTORS	REACTOME_TRAFFICKING_OF_GLUR2_CONTAINING_AMPA_RECEPTORS		17	0.23644367	0.682816	0.90707964	1.0	1.0	14745	tags=100%, list=76%, signal=423%	
REACTOME_THE_FATTY_ACID_CYCLING_MODEL	REACTOME_THE_FATTY_ACID_CYCLING_MODEL		4	0.37025386	0.68217963	0.8185941	1.0	1.0	3010	tags=50%, list=16%, signal=59%	
REACTOME_STING_MEDIATED_INDUCTION_OF_HOST_IMMUNE_RESPONSES	REACTOME_STING_MEDIATED_INDUCTION_OF_HOST_IMMUNE_RESPONSES		15	0.24455732	0.6797756	0.88105726	1.0	1.0	14588	tags=100%, list=76%, signal=409%	
REACTOME_MRNA_SPLICING_MINOR_PATHWAY	REACTOME_MRNA_SPLICING_MINOR_PATHWAY		50	0.1852311	0.67911303	0.9583333	1.0	1.0	15739	tags=100%, list=82%, signal=540%	
REACTOME_ASSEMBLY_OF_THE_HIV_VIRION	REACTOME_ASSEMBLY_OF_THE_HIV_VIRION		16	0.24591394	0.6766097	0.8913044	1.0	1.0	566	tags=6%, list=3%, signal=6%	
REACTOME_RUNX1_REGULATES_ESTROGEN_RECEPTOR_MEDIATED_TRANSCRIPTION	REACTOME_RUNX1_REGULATES_ESTROGEN_RECEPTOR_MEDIATED_TRANSCRIPTION		6	0.31410414	0.67394614	0.84334207	1.0	1.0	4173	tags=33%, list=22%, signal=43%	
REACTOME_ALPHA_PROTEIN_KINASE_1_SIGNALING_PATHWAY	REACTOME_ALPHA_PROTEIN_KINASE_1_SIGNALING_PATHWAY		11	0.26798305	0.6738595	0.8535714	1.0	1.0	14135	tags=100%, list=73%, signal=373%	
REACTOME_SYNTHESIS_OF_PIPS_AT_THE_GOLGI_MEMBRANE	REACTOME_SYNTHESIS_OF_PIPS_AT_THE_GOLGI_MEMBRANE		16	0.2379349	0.6736607	0.9080882	1.0	1.0	14716	tags=100%, list=76%, signal=420%	
REACTOME_NRIF_SIGNALS_CELL_DEATH_FROM_THE_NUCLEUS	REACTOME_NRIF_SIGNALS_CELL_DEATH_FROM_THE_NUCLEUS		16	0.23352863	0.6735352	0.9230769	1.0	1.0	14801	tags=100%, list=77%, signal=428%	
REACTOME_CA_DEPENDENT_EVENTS	REACTOME_CA_DEPENDENT_EVENTS		35	0.1976261	0.67131495	0.952	1.0	1.0	4416	tags=26%, list=23%, signal=33%	
REACTOME_LRR_FLII_INTERACTING_PROTEIN_1_LRRFIP1_ACTIVATES_TYPE_I_IFN_PRODUCTION	REACTOME_LRR_FLII_INTERACTING_PROTEIN_1_LRRFIP1_ACTIVATES_TYPE_I_IFN_PRODUCTION		5	0.33079472	0.6707222	0.8316327	1.0	1.0	12921	tags=100%, list=67%, signal=302%	
REACTOME_RNA_POLYMERASE_I_TRANSCRIPTION_INITIATION	REACTOME_RNA_POLYMERASE_I_TRANSCRIPTION_INITIATION		47	0.18203506	0.670201	0.9714286	1.0	1.0	15800	tags=100%, list=82%, signal=549%	
REACTOME_FORMATION_OF_INCISION_COMPLEX_IN_GG_NER	REACTOME_FORMATION_OF_INCISION_COMPLEX_IN_GG_NER		43	0.18521595	0.6692859	0.9882353	1.0	1.0	15738	tags=100%, list=82%, signal=540%	
REACTOME_APOPTOTIC_FACTOR_MEDIATED_RESPONSE	REACTOME_APOPTOTIC_FACTOR_MEDIATED_RESPONSE		20	0.2199075	0.66918343	0.8947368	1.0	1.0	1880	tags=15%, list=10%, signal=17%	
REACTOME_MTOR_SIGNALLING	REACTOME_MTOR_SIGNALLING		40	0.1837858	0.66820574	0.968	1.0	1.0	15765	tags=100%, list=82%, signal=544%	
REACTOME_HIV_TRANSCRIPTION_ELONGATION	REACTOME_HIV_TRANSCRIPTION_ELONGATION		42	0.18520606	0.665535	0.9514563	1.0	1.0	15738	tags=100%, list=82%, signal=540%	
REACTOME_GLYCOGEN_BREAKDOWN_GLYCOGENOLYSIS	REACTOME_GLYCOGEN_BREAKDOWN_GLYCOGENOLYSIS		14	0.24179204	0.6620214	0.8808511	1.0	1.0	209	tags=7%, list=1%, signal=7%	
REACTOME_DEFECTIVE_FACTOR_IX_CAUSES_HEMOPHILIA_B	REACTOME_DEFECTIVE_FACTOR_IX_CAUSES_HEMOPHILIA_B		5	0.33713976	0.6616173	0.84382874	1.0	1.0	3844	tags=60%, list=20%, signal=75%	
REACTOME_SIGNALING_BY_NOTCH1	REACTOME_SIGNALING_BY_NOTCH1		74	0.1577898	0.6602289	1.0	1.0	1.0	6152	tags=36%, list=32%, signal=53%	
REACTOME_RNA_POLYMERASE_II_PRE_TRANSCRIPTION_EVENTS	REACTOME_RNA_POLYMERASE_II_PRE_TRANSCRIPTION_EVENTS		79	0.15675695	0.65980965	1.0	1.0	1.0	196	tags=3%, list=1%, signal=3%	
REACTOME_UPTAKE_AND_FUNCTION_OF_DIPHTHERIA_TOXIN	REACTOME_UPTAKE_AND_FUNCTION_OF_DIPHTHERIA_TOXIN		6	0.30298853	0.65087724	0.8632479	1.0	1.0	4354	tags=33%, list=23%, signal=43%	
REACTOME_PEXOPHAGY	REACTOME_PEXOPHAGY		11	0.26207513	0.64932734	0.88395905	1.0	1.0	14249	tags=100%, list=74%, signal=381%	
DEGRADATION OF N2M2NMASN	DEGRADATION OF N2M2NMASN		3	0.38147536	0.6460057	0.8768898	1.0	1.0	11942	tags=100%, list=62%, signal=262%	
REACTOME_RHOBTB_GTPASE_CYCLE	REACTOME_RHOBTB_GTPASE_CYCLE		35	0.19001651	0.6414477	0.97183096	1.0	1.0	15644	tags=100%, list=81%, signal=526%	
REACTOME_RHOBTB1_GTPASE_CYCLE	REACTOME_RHOBTB1_GTPASE_CYCLE		23	0.20408058	0.6392346	0.9465241	1.0	1.0	12553	tags=96%, list=65%, signal=273%	
REACTOME_IRF3_MEDIATED_INDUCTION_OF_TYPE_I_IFN	REACTOME_IRF3_MEDIATED_INDUCTION_OF_TYPE_I_IFN		12	0.24451931	0.6335099	0.8996416	1.0	1.0	14588	tags=100%, list=76%, signal=409%	
REACTOME_PKA_MEDIATED_PHOSPHORYLATION_OF_CREB	REACTOME_PKA_MEDIATED_PHOSPHORYLATION_OF_CREB		18	0.21280193	0.6320791	0.9439655	1.0	1.0	5373	tags=33%, list=28%, signal=46%	
REACTOME_SCAVENGING_BY_CLASS_A_RECEPTORS	REACTOME_SCAVENGING_BY_CLASS_A_RECEPTORS		18	0.21961835	0.62780243	0.95098037	1.0	1.0	5956	tags=33%, list=31%, signal=48%	
REACTOME_SYNTHESIS_OF_DIPHTHAMIDE_EEF2	REACTOME_SYNTHESIS_OF_DIPHTHAMIDE_EEF2		8	0.26975495	0.6241454	0.91333336	1.0	1.0	14100	tags=100%, list=73%, signal=371%	
REACTOME_KSRP_KHSRP_BINDS_AND_DESTABILIZES_MRNA	REACTOME_KSRP_KHSRP_BINDS_AND_DESTABILIZES_MRNA		17	0.22223961	0.6240346	0.9444444	1.0	1.0	15019	tags=100%, list=78%, signal=450%	
REACTOME_INFLUENZA_INFECTION	REACTOME_INFLUENZA_INFECTION		156	0.13888362	0.6205226	1.0	1.0	1.0	7457	tags=53%, list=39%, signal=86%	
REACTOME_MRNA_SPLICING	REACTOME_MRNA_SPLICING		212	0.13328607	0.6177724	1.0	1.0	1.0	15427	tags=99%, list=80%, signal=487%	
REACTOME_EPIGENETIC_REGULATION_OF_GENE_EXPRESSION	REACTOME_EPIGENETIC_REGULATION_OF_GENE_EXPRESSION		121	0.14007074	0.6064671	1.0	1.0	1.0	3285	tags=15%, list=17%, signal=18%	
REACTOME_ENERGY_DEPENDENT_REGULATION_OF_MTOR_BY_LKB1_AMPK	REACTOME_ENERGY_DEPENDENT_REGULATION_OF_MTOR_BY_LKB1_AMPK		28	0.18367147	0.6010122	0.984127	1.0	1.0	15765	tags=100%, list=82%, signal=544%	
REACTOME_NUCLEOTIDE_EXCISION_REPAIR	REACTOME_NUCLEOTIDE_EXCISION_REPAIR		110	0.13241638	0.6001079	1.0	1.0	1.0	16764	tags=100%, list=87%, signal=755%	
REACTOME_RNA_POLYMERASE_I_TRANSCRIPTION_TERMINATION	REACTOME_RNA_POLYMERASE_I_TRANSCRIPTION_TERMINATION		31	0.18188417	0.5986965	0.9716312	1.0	1.0	15800	tags=100%, list=82%, signal=550%	
REACTOME_SLBP_DEPENDENT_PROCESSING_OF_REPLICATION_DEPENDENT_HISTONE_PRE_MRNAS	REACTOME_SLBP_DEPENDENT_PROCESSING_OF_REPLICATION_DEPENDENT_HISTONE_PRE_MRNAS		11	0.23919114	0.59775025	0.91449815	1.0	1.0	4096	tags=27%, list=21%, signal=35%	
REACTOME_REGULATED_PROTEOLYSIS_OF_P75NTR	REACTOME_REGULATED_PROTEOLYSIS_OF_P75NTR		11	0.23346809	0.59683037	0.94285715	1.0	1.0	14801	tags=100%, list=77%, signal=428%	
SERINE SYNTHESIS	SERINE SYNTHESIS		2	0.38709366	0.5934971	0.92156863	1.0	1.0	3479	tags=50%, list=18%, signal=61%	
REACTOME_SIGNALING_BY_NOTCH1_PEST_DOMAIN_MUTANTS_IN_CANCER	REACTOME_SIGNALING_BY_NOTCH1_PEST_DOMAIN_MUTANTS_IN_CANCER		58	0.15546879	0.58831805	1.0	1.0	1.0	6152	tags=36%, list=32%, signal=53%	
REACTOME_MITOPHAGY	REACTOME_MITOPHAGY		29	0.17771554	0.58706516	0.9815951	1.0	1.0	15880	tags=100%, list=82%, signal=563%	
REACTOME_IRAK1_RECRUITS_IKK_COMPLEX	REACTOME_IRAK1_RECRUITS_IKK_COMPLEX		14	0.2194579	0.5866871	0.94170403	1.0	1.0	15072	tags=100%, list=78%, signal=456%	
GLYCINE SYNTHESIS	GLYCINE SYNTHESIS		2	0.38709366	0.58651304	0.9240781	1.0	1.0	3479	tags=50%, list=18%, signal=61%	
REACTOME_DSCAM_INTERACTIONS	REACTOME_DSCAM_INTERACTIONS		11	0.22898068	0.586331	0.9163763	1.0	1.0	2834	tags=27%, list=15%, signal=32%	
REACTOME_SIGNALING_BY_ROBO_RECEPTORS	REACTOME_SIGNALING_BY_ROBO_RECEPTORS		210	0.10242923	0.5709168	1.0	1.0	1.0	7070	tags=44%, list=37%, signal=68%	
REACTOME_PHENYLALANINE_METABOLISM	REACTOME_PHENYLALANINE_METABOLISM		6	0.27181208	0.5626639	0.9247312	1.0	1.0	4073	tags=33%, list=21%, signal=42%	
REACTOME_ALK_MUTANTS_BIND_TKIS	REACTOME_ALK_MUTANTS_BIND_TKIS		12	0.22192344	0.56170833	0.96309966	1.0	1.0	716	tags=8%, list=4%, signal=9%	
REACTOME_CONSTITUTIVE_SIGNALING_BY_AKT1_E17K_IN_CANCER	REACTOME_CONSTITUTIVE_SIGNALING_BY_AKT1_E17K_IN_CANCER		26	0.173119	0.56140447	0.97315437	1.0	1.0	6752	tags=38%, list=35%, signal=59%	
REACTOME_SMALL_INTERFERING_RNA_SIRNA_BIOGENESIS	REACTOME_SMALL_INTERFERING_RNA_SIRNA_BIOGENESIS		9	0.23017932	0.55518055	0.9692308	1.0	1.0	14864	tags=100%, list=77%, signal=434%	
REACTOME_REGULATION_OF_TP53_ACTIVITY_THROUGH_ASSOCIATION_WITH_CO_FACTORS	REACTOME_REGULATION_OF_TP53_ACTIVITY_THROUGH_ASSOCIATION_WITH_CO_FACTORS		12	0.21544442	0.5511716	0.9563636	1.0	1.0	15149	tags=100%, list=78%, signal=464%	
REACTOME_SUMOYLATION_OF_TRANSCRIPTION_COFACTORS	REACTOME_SUMOYLATION_OF_TRANSCRIPTION_COFACTORS		43	0.1423561	0.549256	1.0	1.0	1.0	7625	tags=47%, list=39%, signal=77%	
REACTOME_MYOCLONIC_EPILEPSY_OF_LAFORA	REACTOME_MYOCLONIC_EPILEPSY_OF_LAFORA		9	0.22736534	0.54867	0.94427246	1.0	1.0	6111	tags=56%, list=32%, signal=81%	
REACTOME_RNA_POLYMERASE_II_TRANSCRIBES_SNRNA_GENES	REACTOME_RNA_POLYMERASE_II_TRANSCRIBES_SNRNA_GENES		75	0.13394427	0.5455236	1.0	1.0	1.0	5805	tags=21%, list=30%, signal=30%	
REACTOME_PINK1_PRKN_MEDIATED_MITOPHAGY	REACTOME_PINK1_PRKN_MEDIATED_MITOPHAGY		22	0.17765093	0.54297304	0.994709	1.0	1.0	15880	tags=100%, list=82%, signal=563%	
REACTOME_HEDGEHOG_OFF_STATE	REACTOME_HEDGEHOG_OFF_STATE		109	0.12386721	0.54167825	1.0	1.0	1.0	6425	tags=32%, list=33%, signal=48%	
REACTOME_NEGATIVE_REGULATORS_OF_DDX58_IFIH1_SIGNALING	REACTOME_NEGATIVE_REGULATORS_OF_DDX58_IFIH1_SIGNALING		35	0.15741037	0.54017425	1.0	1.0	1.0	5563	tags=31%, list=29%, signal=44%	
REACTOME_RHO_GTPASES_ACTIVATE_WASPS_AND_WAVES	REACTOME_RHO_GTPASES_ACTIVATE_WASPS_AND_WAVES		36	0.15090051	0.53270024	1.0	1.0	1.0	16398	tags=100%, list=85%, signal=662%	
REACTOME_NONCANONICAL_ACTIVATION_OF_NOTCH3	REACTOME_NONCANONICAL_ACTIVATION_OF_NOTCH3		8	0.23343167	0.5225602	0.98101264	1.0	1.0	14801	tags=100%, list=77%, signal=428%	
REACTOME_ACYL_CHAIN_REMODELING_OF_CL	REACTOME_ACYL_CHAIN_REMODELING_OF_CL		6	0.23807059	0.517741	0.9813333	1.0	1.0	14711	tags=100%, list=76%, signal=420%	
REACTOME_SYNTHESIS_OF_PIPS_AT_THE_EARLY_ENDOSOME_MEMBRANE	REACTOME_SYNTHESIS_OF_PIPS_AT_THE_EARLY_ENDOSOME_MEMBRANE		16	0.17935823	0.514115	0.98571426	1.0	1.0	15846	tags=100%, list=82%, signal=557%	
REACTOME_FATTY_ACIDS_BOUND_TO_GPR40_FFAR1_REGULATE_INSULIN_SECRETION	REACTOME_FATTY_ACIDS_BOUND_TO_GPR40_FFAR1_REGULATE_INSULIN_SECRETION		7	0.22368902	0.5044404	0.9765396	1.0	1.0	2956	tags=29%, list=15%, signal=34%	
REACTOME_RHOT1_GTPASE_CYCLE	REACTOME_RHOT1_GTPASE_CYCLE		5	0.25790069	0.5035319	0.9670051	1.0	1.0	14328	tags=100%, list=74%, signal=388%	
REACTOME_CLEC7A_DECTIN_1_INDUCES_NFAT_ACTIVATION	REACTOME_CLEC7A_DECTIN_1_INDUCES_NFAT_ACTIVATION		11	0.19973056	0.5013259	0.97709924	1.0	1.0	15452	tags=100%, list=80%, signal=501%	
REACTOME_PHOSPHATE_BOND_HYDROLYSIS_BY_NUDT_PROTEINS	REACTOME_PHOSPHATE_BOND_HYDROLYSIS_BY_NUDT_PROTEINS		7	0.22837819	0.49691486	0.9858357	1.0	1.0	2004	tags=14%, list=10%, signal=16%	
REACTOME_SIGNALING_BY_BMP	REACTOME_SIGNALING_BY_BMP		24	0.15406784	0.49345222	0.993865	1.0	1.0	6540	tags=38%, list=34%, signal=57%	
REACTOME_TELOMERE_C_STRAND_SYNTHESIS_INITIATION	REACTOME_TELOMERE_C_STRAND_SYNTHESIS_INITIATION		13	0.18518716	0.4925438	0.99196786	1.0	1.0	15733	tags=100%, list=81%, signal=540%	
REACTOME_ACETYLCHOLINE_REGULATES_INSULIN_SECRETION	REACTOME_ACETYLCHOLINE_REGULATES_INSULIN_SECRETION		10	0.20039387	0.48396355	0.99656355	1.0	1.0	15439	tags=100%, list=80%, signal=499%	
REACTOME_TRAF6_MEDIATED_NF_KB_ACTIVATION	REACTOME_TRAF6_MEDIATED_NF_KB_ACTIVATION		25	0.15148844	0.48188907	0.98870057	1.0	1.0	16385	tags=100%, list=85%, signal=660%	
REACTOME_SUMOYLATION_OF_DNA_DAMAGE_RESPONSE_AND_REPAIR_PROTEINS	REACTOME_SUMOYLATION_OF_DNA_DAMAGE_RESPONSE_AND_REPAIR_PROTEINS		77	0.11670875	0.47278175	1.0	1.0	1.0	14757	tags=97%, list=76%, signal=412%	
REACTOME_SCAVENGING_BY_CLASS_F_RECEPTORS	REACTOME_SCAVENGING_BY_CLASS_F_RECEPTORS		6	0.22918545	0.47074273	0.97740114	1.0	1.0	4005	tags=33%, list=21%, signal=42%	
REACTOME_NUCLEAR_EVENTS_STIMULATED_BY_ALK_SIGNALING_IN_CANCER	REACTOME_NUCLEAR_EVENTS_STIMULATED_BY_ALK_SIGNALING_IN_CANCER		19	0.15501863	0.46190843	0.9953917	1.0	1.0	16316	tags=100%, list=85%, signal=645%	
REACTOME_TAK1_DEPENDENT_IKK_AND_NF_KAPPA_B_ACTIVATION	REACTOME_TAK1_DEPENDENT_IKK_AND_NF_KAPPA_B_ACTIVATION		44	0.12674874	0.4603823	1.0	1.0	1.0	2974	tags=14%, list=15%, signal=16%	
REACTOME_RORA_ACTIVATES_GENE_EXPRESSION	REACTOME_RORA_ACTIVATES_GENE_EXPRESSION		18	0.15692875	0.45088804	0.9953704	1.0	1.0	16279	tags=100%, list=84%, signal=637%	
REACTOME_REGULATION_OF_HMOX1_EXPRESSION_AND_ACTIVITY	REACTOME_REGULATION_OF_HMOX1_EXPRESSION_AND_ACTIVITY		5	0.22878826	0.44497287	0.9899749	1.0	1.0	6011	tags=40%, list=31%, signal=58%	
REACTOME_SYNTHESIS_OF_PG	REACTOME_SYNTHESIS_OF_PG		8	0.19052793	0.4313762	0.9940299	0.9997511	1.0	15629	tags=100%, list=81%, signal=525%	
REACTOME_REGULATION_OF_PTEN_GENE_TRANSCRIPTION	REACTOME_REGULATION_OF_PTEN_GENE_TRANSCRIPTION		60	0.10790716	0.42173886	1.0	0.99820185	1.0	5614	tags=27%, list=29%, signal=37%	
